phone number	Complete Name	contact:address1	contact:city	contact:state_province	contact:country	contact:zip_postal_code	error:code	error:description
7135225100	THAI SPICE RESTAURANT 	5117 KELVIN DR	HOUSTON	TX	United States	770052503		
7138380707	THAI COTTAGE 	5124 CEDAR ST	BELLAIRE	TX	United States	774014019		
7138690151	PAPPAS RESTAURANT 	13939 NORTHWEST FWY	HOUSTON	TX	United States	770405115		
8329342800	EDEN CAFE 	33418 EGYPT LN STE P	MAGNOLIA	TX	United States	773542759		
2812888868	MAIN MOON ASIAN BISTRO 	2129 FM 2920 RD	SPRING	TX	United States	773883671		
2812328555	BOB S TACO STATION 	1901 AVENUE H	ROSENBERG	TX	United States	774712629		
2813344400	WATERFORD HARBOR YACHT CLUB & MARINA 	800 MARINERS DR	KEMAH	TX	United States	775652248		
2813138226	BERRYHILL TAMALES & TACOS 	13703 SOUTHWEST FWY	SUGAR LAND	TX	United States	774783531		
7135222603	O NEILLS BRIAN IRISH PUB 	5555 MORNINGSIDE DR STE 100	HOUSTON	TX	United States	770053244		
2819910335	H KINDERED		HOUSTON	TX	United States	77503		
7135287000	ALONTI CAFE & CATERING 	1210 W CLAY ST	HOUSTON	TX	United States	770194175		
7134612028	LAS LLARDAS 	2400 GESSNER DR	HOUSTON	TX	United States	770805008		
7133667500	JOE S CRAB SNACK HOLDING 	9900 WESTPARK DR	HOUSTON	TX	United States	770635277		
7139237418	AMBU-HEALTH INC 	6530 SUPPLY ROW	HOUSTON	TX		77011		
2812404497	CAJUN GOURMET CRAWFISH WHOLESALER 		SUGAR LAND	TX	United States	77478		
9793379515	EL CHARRO T MEXICAN RESTAURANT 	3015 HIGHWAY 290 W	BRENHAM	TX	United States	778336808		
7138211322	KISS PISTA	5847 SAN FELIPE ST	HOUSTON	TX	United States	770573000		
2815792390	ABBEY PUB THE 	2002 FRY RD STE 125	HOUSTON	TX	United States	770845802		
2813976730	RICK S CABERET INTERNATIONAL 	10959 CUTTEN RD	HOUSTON	TX	United States	770665003		
7133296800	JANET DUCKHAM	13111 NORTHWEST FWY STE 600	HOUSTON	TX	United States	770406392		
7138622020	CADILLAC BAR 	1802 SHEPHERD DR	HOUSTON	TX	United States	770072295		
7133296800	LUBY'S 		HOUSTON	TX		77001		
2142658044	TEXADELPHIA 	5500 GREENVILLE AVE STE 600	DALLAS	TX	United States	752062930		
7138501010	LANDRY S CORPORATE OFFICE 	1510 WEST LOOP S	HOUSTON	TX	United States	770279505		
2817704969	LYNETTE THOMAS	6411 CREEKWIND CIR	HOUSTON	TX	United States	770841288		
7136656226	RUSTIKA CAFE & BAKERY 	3237 SOUTHWEST FWY	HOUSTON	TX	United States	770277503		
7138501010	LANDRY S CORPORATE OFFICE 	1510 WEST LOOP S	HOUSTON	TX	United States	770279505		
8327726301	INC RDM 		HOUSTON	TX	United States	77001		
2814803337	PERRY S CORPORATE OFFICES 	1051 PINELOCH DR	HOUSTON	TX	United States	770622742		
2815806088	PAPA JOHN S PIZZA GENERAL OFFICE 	13131 CHAMPIONS DR	HOUSTON	TX	United States	770693200		
2813749966	PAUL S PIZZA SHOP 	16702 STUEBNER AIRLINE RD	SPRING	TX	United States	773797320		
2813341010	P ROBINSON		KEMAH	TX	United States	77565		
4097623474	SALT WATER GRILL 	2017 POST OFFICE ST	GALVESTON	TX	United States	775502021		
7134649319	GAS AND ELECTRIC LIGHTING 	1756 BLALOCK RD	HOUSTON	TX	United States	770807329		
7133296800	JANET DUCKHAM	13111 NORTHWEST FWY STE 600	HOUSTON	TX	United States	770406392		
4098381976	JACK K PARHAM	10236 COOKS LAKE RD	LUMBERTON	TX	United States	776577430		
7135262770	GINGERMAN THE 	5607 MORNINGSIDE DR	HOUSTON	TX	United States	770053218		
7132221993	HOME PLATE BAR & GRILL 	1800 TEXAS ST	HOUSTON	TX	United States	770033041		
7139570957	RED ONION CAFE 	12440 NORTHWEST FWY	HOUSTON	TX	United States	770923114		
7135229306	EL MESON RESTAURANT 	2425 UNIVERSITY BLVD	HOUSTON	TX	United States	770053226		
4097441500	SAN LUIS HOTEL 	53RD SEAWALL BLVD	GALVESTON	TX	United States	77550		
7139790700		12830 HEMPSTEAD RD	HOUSTON	TX	United States	770924516		
7136784333	VILLAGE PIZZA & SEAFOOD MAIN OFFICE 		HOUSTON	TX	United States	77002		
2815407656	TRIGG HARVEY INC 	307 DENNIS ST	HUMBLE	TX	United States	773384966		
7136915364	JOSE GOMEZ	5607 NICHOLSON ST	RIVERDALE	MD	United States	207372679		
7135221999	TACO MILAGRO-KIRBY LLC 	2555 KIRBY DR	HOUSTON	TX	United States	770196320		
7135324070	CHATEAU CRYSTALE BALLROOM 	2517 S GESSNER RD	HOUSTON	TX	United States	770632007		
7138501010	LANDRY S CORPORATE OFFICE 	1510 WEST LOOP S	HOUSTON	TX	United States	770279505		
2815783800	RED RIVER BAR B QUE & GRILL 	1711 S MASON RD	KATY	TX	United States	774505920		
2813374092	LAURA BRYAN	2707 CRANE DR	PEARLAND	TX	United States	775815635		
7135291212	GOODE COMPANY BARBEQUE HALL OF FLAME 	8937 KNIGHT RD	HOUSTON	TX	United States	770544303		
7136600778	BRISKET BAR B Q 	5208 BISSONNET ST	BELLAIRE	TX	United States	774013910		
7136664644	FADI S MEDITERRANEAN GRILL 	4738 BEECHNUT ST	HOUSTON	TX	United States	770961637		
7134550060	CHINA KO 	12740 EAST FWY	HOUSTON	TX	United States	770155634		
7132254950	DISTRICT 7 GRILL 	1508 HUTCHINS ST	HOUSTON	TX	United States	770034337		
7135219008	WILLIAM C BULLARD	2107 BELLMEADE ST	HOUSTON	TX	United States	770195921		
7136866408	PHO LONG VIETNAMESE NOODLES AND GRILL 	2021 MANGUM RD	HOUSTON	TX	United States	770928529		
7135220995	MARISSA A MINELLI	7 HOLLY LAKE LN	SPRING	TX	United States	773735792		
2813594451	AMEDEO S ITALIAN RESTAURANT 	22704 LOOP 494	KINGWOOD	TX	United States	773392853		
2812986600	JASPER S WOODLANDS 	9595 SIX PINES DR	SPRING	TX	United States	773801531		
9362730023	SHOGUN JAPANESE GRILL & SUSHI BAR 		CONROE	TX	United States	77301		
7138501010	LANDRY S CORPORATE OFFICE 	1510 WEST LOOP S	HOUSTON	TX	United States	770279505		
7135225120	NINO S ITALIAN 	2817 W DALLAS ST	HOUSTON	TX	United States	770194006		
2814959001	TARANGO HECTOR JR ROCIO	5200 MEADOWCREEK DR	DALLAS	TX	United States	752484024		
7137338111	JUST OXTAILS SOUL FOOD 	4207 REED RD	HOUSTON	TX	United States	770512713		
7138983646	BETTER ON YOUR INC	2476 BOLSOVER ST STE 600	HOUSTON	TX	United States	77005		
8322937355	ALEXAND ACOSTA	401 LITTLE TEXAS LN	AUSTIN	TX	United States	787454102		
7134769096	RED ROBIN RESTAURANT 	7620 KATY FWY STE 465	HOUSTON	TX	United States	770242022		
7139374300	SUNBELT STEEL TEXAS INC 	10537 FISHER RD	HOUSTON	TX	United States	770414083		
7135287744	HOLIDAY INN MEDICAL CENTER HOTEL 	6800 MAIN ST	HOUSTON	TX	United States	770303302		
7134321626	MOLINA S MEXICAN RESTAURANT 	3801 BELLAIRE BLVD	HOUSTON	TX	United States	770251208		
2813942100	ILEANA FERNANDEZ	1903 MARINER POINT LN	KATY	TX	United States	774944699		
2813640200	SITAR CUISINE OF INDIA 	25701 INTERSTATE 45	SPRING	TX	United States	773803530		
2813334343	CUISINE INDIA 	1212 NASA PKWY	HOUSTON	TX	United States	770583304		
2813382711	LUPE TORTILLAS MEXICAN RESTAURANT 	891 W BAY AREA BLVD	WEBSTER	TX	United States	775984003		
9792920060	CAFE ANNICE INC 	24 CIRCLE WAY ST	LAKE JACKSON	TX	United States	775665235		
7134681787	HOSPITALITY USA INVESTMENT GROUP 	1414 UPLAND DR	HOUSTON	TX	United States	770434721		
7139573357	THE ARC OF GREATER PRINCE WILLIAM 		HOUSTON	TX	United States	77018		
7135227602	BENJY S RESTAURANT 	2424 DUNSTAN RD STE 125	HOUSTON	TX	United States	770052566		
8005373354							-60001	PhoneID Contact Data Not Found
2818296188	KOLACHE FACTORY CORPORATE OFFICE 	23240 WESTHEIMER PKWY STE A	KATY	TX	United States	774943621		
7134330623	BEEF AND BUN BARBECUE 	4418 W FUQUA ST	HOUSTON	TX	United States	770456206		
7132281175	NINFA S MEXICAN RESTAURANT 	2704 NAVIGATION BLVD	HOUSTON	TX	United States	770031517		
4097625921	ROOF GARDEN 		GALVESTON	TX	United States	77550		
7137810877	RAMERO HERNANDEZ	6370 WINDSWEPT LN APT 5	HOUSTON	TX	United States	770577247		
7137955344	HUNAN TAKE OUT CHINESE 	7816 ALMEDA RD	HOUSTON	TX	United States	770543235		
7135284651	HUNAN VILLAGE RESTAURANT 	3311 S SHEPHERD DR	HOUSTON	TX	United States	770983320		
2815310696	CARMELO S ITALIAN REST 	14795 MEMORIAL DR	HOUSTON	TX	United States	770795239		
7133962937							-60001	PhoneID Contact Data Not Found
8323005858	MEXICAN RESTAURANTS INC 	12000 AEROSPACE AVE STE 400	HOUSTON	TX	United States	770345576		
8323005858	MEXICAN RESTAURANTS INC 	12000 AEROSPACE AVE STE 400	HOUSTON	TX	United States	770345576		
4098667760	CRAZY JOSE S PATIO & CAFE 	6420 PHELAN BLVD	BEAUMONT	TX	United States	777066047		
4099455519	CASA OLE 	3121 PALMER HWY	TEXAS CITY	TX		77590		
2818593773	CLAY S RESTAURANT & HALL 	17715 1/2 CLAY RD	HOUSTON	TX	United States	770843903		
2814633000	ROCKHOUSE BAR AND GRILL 	5402 HIGHWAY 6 N	HOUSTON	TX	United States	770841826		
7135286575	URBAN DESIGNER KITCHENS 	2808 RICHMOND AVE	HOUSTON	TX		77098		
7138400131	ALFRED G MOUJAES	56 MILAN ESTS	HOUSTON	TX	United States	770564931		
2813476077	STADIA BAR & GRILL 	2762 WESTHEIMER PKWY	KATY	TX	United States	77449		
4097975145	GALVESTON ISLAND CONVENTION CENTER AT THE SAN LUIS RESORT 	5600 SEAWALL BLVD	GALVESTON	TX	United States	775515878		
9367609002	JOE S PIZZA & PASTA 	1604 N FRAZIER ST	CONROE	TX	United States	773011823		
9798462222	SMITH DAIRY QUEEN LTD 	3833 S TEXAS AVE STE 276	BRYAN	TX	United States	778024042		
4097657946	FLOAT POOL AND PATIO BAR 	2828 SEAWALL BLVD	GALVESTON	TX	United States	775507745		
4097631000	BOOMBA LOUNGE 	2410 STRAND ST	GALVESTON	TX	United States	775509401		
4097623696	RUDY T AND PACO 	2028 POST OFFICE ST	GALVESTON	TX	United States	775502022		
4097655155	LOADING DOCK THE 	504 25TH ST	GALVESTON	TX	United States	775501704		
2813701706	RED RIVER DANCE HALL & SALOON 	23238 STATE HIGHWAY 249	TOMBALL	TX	United States	773758206		
7137599606	RICH S HOUSTON NIGHTCLUB 	2401 SAN JACINTO ST	HOUSTON	TX	United States	770029129		
7135231622	ANVIL 	1424 WESTHEIMER RD	HOUSTON	TX	United States	770062617		
7138685337	PEARL BAR 	4216 WASHINGTON AVE	HOUSTON	TX	United States	770075638		
7138964000	RAILROAD CROSSING BBQ 	14715 HEMPSTEAD RD	HOUSTON	TX	United States	770404001		
4097509319	GRAFFITTI S CAFE 	2121 STRAND ST	GALVESTON	TX	United States	775501632		
7134195312	HALLMARK OFFICE PRODUCTS 		HOUSTON	TX	United States	77055		
2818472222	FRESH BREW GROUP USA 	11600 BIG JOHN ST	HOUSTON	TX	United States	770383334		
7136440535	DEL SOL TAQUERIA 	8114 PARK PLACE BLVD	HOUSTON	TX	United States	770173015		
8322480464	MICHELL CHAPMAN	1103 PARK BREEZE CT	FRESNO	TX	United States	775458612		
7138622727	CASA CATERING 	5519 CAPLIN ST	HOUSTON	TX	United States	770261809		
2818221500	THE TASTING ROOM CITY CENTRE 	818 TOWN AND COUNTRY BLVD	HOUSTON	TX	United States	770244550		
2813544507	SONIC DRIVE-IN 	24076 FM 1314 RD	PORTER	TX	United States	773653716		
2813929200	CHINA INN CAFE 	402 W GRAND PKWY S STE 108	KATY	TX	United States	774948334		
7138021979	LANE PRODUCTIONS 	1220 W 19TH ST	HOUSTON	TX	United States	770083308		
2813130158	TAISHO JAPANESE RESTAURANT 	16100 CITY WALK	SUGAR LAND	TX	United States	774796571		
7138740800	YOUR BODY CENTER 	3605 KATY FWY STE 100	HOUSTON	TX	United States	770073633		
7132231120	WILLIARD, STEVE M 	1920 N MEMORIAL WAY	HOUSTON	TX		77007		
9798264434	J GULLIUM	24738 DONEGAL ST	HEMPSTEAD	TX	United States	774457388		
2815592415	LA BRISA MEXICAN BAR & GRILL 	4001 HIGHWAY 146	BACLIFF	TX	United States	775182910		
2813587765	PAT GREEN	22000 NORTHPARK DR	KINGWOOD	TX	United States	773393803		
2813537501	BAREBACK BAR & ICEHOUSE 	19940 1/2 KUYKENDAHL RD	SPRING	TX	United States	773793304		
2814958400	APOLLO CONSTRUCTION INC 		ALIEF	TX	United States	77411		
7134799399	BAKER STEEL COMPANY INC 	1326 MOY ST	HOUSTON	TX	United States	770073207		
7137859900	NICK S SPORTS BAR & GRILL 	1448 WILCREST DR	HOUSTON	TX	United States	770422200		
7132238508	MAGNOLIA BALLROOM THE 	715 FRANKLIN ST	HOUSTON	TX	United States	770021612		
7135232428	MIA BELLA RESTAURANT 	2006 LEXINGTON ST	HOUSTON	TX	United States	770984222		
7135217800	LOCAL FOODS 	2424 DUNSTAN RD	HOUSTON	TX	United States	770052565		
2819807482	GRINGO S MEXICAN KITCHEN #5 	12330 SOUTHWEST FWY	STAFFORD	TX	United States	774773010		
7139939797	HOUSTON CONTRACT INTERIORS INC 	2121 SAGE RD STE 350	HOUSTON	TX	United States	770564336		
7134776006	VENTECH FIELD SERVICES LLP 	1149 ELLSWORTH DR	PASADENA	TX	United States	775064858		
7132280100	POWER TOOL SERVICE 	3718 POLK ST	HOUSTON	TX	United States	770034840		
7137217858	NEW GARDEN RESTAURANT 	11403 CHIMNEY ROCK RD	HOUSTON	TX		77035		
2814191166	CHI JAPANESE CUISINE 	27100 INTERSTATE 45 N	CONROE	TX	United States	773858714		
7135206174	EPICURE BAKERY 	2005 W GRAY ST	HOUSTON	TX	United States	770193625		
7136227024		2400 MIDLANE ST	HOUSTON	TX	United States	770274408		
7138490022	SOUTH TEXAS AERIAL 		JERSEY VILLAGE	TX		77040		
7135212239	BACKSTREET CAFE 	1103 S SHEPHERD DR	HOUSTON	TX	United States	770193609		
2812773257	MIRIAM MENDEZ	7306 LONDRES DR	HOUSTON	TX	United States	770832723		
7137811962	JAKE S PHILLY STEAKS 	2944 CHIMNEY ROCK RD	HOUSTON	TX	United States	770565907		
2813422066	CUSTOM CATERERS 	3303 KLOSTERHOFF RD	ROSENBERG	TX	United States	774718935		
2814985016	XAVIER WARREN		ALIEF	TX		77411		
2813403000	K AGRAWAL	1 SUGAR CREEK CENTER BLVD STE 150	SUGAR LAND	TX	United States	774783582		
7138800706	ONION CREEK COFFEE HOUSE 	3106 WHITE OAK DR	HOUSTON	TX	United States	770072722		
7138616331	NUNDINI CHEF S TABLE 	500 N SHEPHERD DR	HOUSTON	TX	United States	770071317		
7138490900	CLASSIC DELI SUPPLY 	6208 NYOKA ST	HOUSTON	TX	United States	770415312		
7136647964	CHARLIE S BAR-B-Q IN BELLAIRE 	4803 BISSONNET ST	BELLAIRE	TX	United States	774014053		
7136508805	BALLESTEROS, SYDNEY ATTY 	1100 LOUISIANA ST	HOUSTON	TX	United States	770025227		
2814803337	PERRY S CORPORATE OFFICES 	1051 PINELOCH DR	HOUSTON	TX	United States	770622742		
2813601436	RAFFA S AMERICAN BISTRO 	1660 W LAKE HOUSTON PKWY	KINGWOOD	TX	United States	773392576		
2819317654	JIMMY G S RESTAURANT 	307 N SAM HOUSTON PKWY E	HOUSTON	TX	United States	770602401		
2815855046	ALVIN PARKS RESTAURANT 	2422 S GORDON ST	ALVIN	TX	United States	775114718		
7135201748	P J S SPORTS BAR 	614 W GRAY ST	HOUSTON	TX	United States	770194447		
8325930071	JADE BAMBOO CHINESE RESTAURANT 	7029 BARKER CYPRESS RD	CYPRESS	TX	United States	774331209		
7138401111	RDG BAR ANNIE 	1800 1800TH POST OAK BLVD	HOUSTON	TX	United States	77002		
2812650303	PANDA GARDEN RESTAURANT NO 2 	3563 HIGHWAY 6	SUGAR LAND	TX	United States	774784404		
7137251468	SANDRA GROVE	7910 CANDLEGREEN LN	HOUSTON	TX	United States	770712711		
2813190200	HUMBLE CITY CAFE 	200 E MAIN ST	HUMBLE	TX	United States	773384515		
7135823844	DONNIE L ROLLINS	1222 BAY OAKS RD	HOUSTON	TX	United States	770086418		
7139262649	LENOX BARBECUE & CATERING 	5420 HARRISBURG BLVD	HOUSTON	TX	United States	770114234		
7136646698	LEMON GRASS CAFE 	5109 BELLAIRE BLVD	BELLAIRE	TX	United States	774014419		
7135330200	MOCKINGBIRD BISTRO 	1985 WELCH ST	HOUSTON	TX	United States	770196121		
7135221330	TINTOS RESTAURANT 	2015 W GRAY ST	HOUSTON	TX	United States	770193642		
7136295565	CANYON CAFE S INC 	5000 WESTHEIMER RD STE 250	HOUSTON	TX	United States	770566670		
7134503611	ROYAL PALACE CABARET 	12910 EAST FWY	HOUSTON	TX		77015		
2818941930	CRAZY FROG SALOON 	17776 STATE HIGHWAY 249  STE 39	HOUSTON	TX	United States	770641015		
2814791950	TWO CITIES GRILL AND CANTINA 	6915 SPENCER HWY	PASADENA	TX	United States	775051801		
2815011788	ABSOLVE WINE LOUNGE 	920 STUDEMONT ST	HOUSTON	TX	United States	770075983		
7137842653	BIG WOODROW S BAR & GRILL 	3111 CHIMNEY ROCK RD	HOUSTON	TX	United States	770566237		
4099351200	BIG DADDY'S SMOKE HOUSE & GRIL 	PO BOX 9	HITCHCOCK	TX		77563		
7132281175	NINFA S MEXICAN RESTAURANT 	2704 NAVIGATION BLVD	HOUSTON	TX	United States	770031517		
2812556357	MEL S COUNTRY CAFE 	24814 STANOLIND RD	TOMBALL	TX	United States	773753170		
2815402700	TRIGGS CATERING 	1414 1ST ST E	HUMBLE	TX	United States	773384928		
2813627874	CRUSH WINE LOUNGE 	20 WATERWAY AVE STE 200	THE WOODLANDS	TX	United States	773803442		
2814499975	KING FUELS INC 	14825 WILLIS ST	HOUSTON	TX	United States	770391025		
2812989338	STEEL CITY PIZZERIA 	501 SAWDUST RD STE E	SPRING	TX	United States	773802367		
7135205993	LOGAN FARMS INC 	10560 WESTHEIMER RD	HOUSTON	TX	United States	770423503		
2814463566	HAROLD HENRY	9494 HUMBLE WESTFIELD RD	HUMBLE	TX	United States	773385245		
7134900431	LAFF STOP 	1952 W GRAY ST STE STE	HOUSTON	TX	United States	770194825		
4097403555	HAWTHORNE SUITES 	6300 SEAWALL BLVD	GALVESTON	TX	United States	775512219		
2814633435	HA HA CHINESE RESTAURANT 	4369 HIGHWAY 6 N	HOUSTON	TX		77084		
2813620774	GUADALAJARA MEXICAN GRILLE & BAR 	27885 INTERSTATE 45	SPRING	TX	United States	773801145		
7136234691	BRIAN J KAPILOFF	3713 DEL MONTE DR	HOUSTON	TX	United States	770193017		
7139610462	KING INVESTMENT ADVISORS 	1980 POST OAK BLVD STE  2400	HOUSTON	TX	United States	770563850		
2815685115	MIKKI S CAFE 	10500 W BELLFORT ST	HOUSTON	TX	United States	770311933		
2812518930	MIA BELLA TRATTORIA 	110 VINTAGE PARK BLVD STE A	HOUSTON	TX	United States	770704047		
2813381261	FAUST MEDICAL EQUIP 	100 W NASA BLVD	LEAGUE CITY	TX	United States	77573		
2813649555	PALLOTTA S ITALIAN GRILL 	27606 INTERSTATE 45 N	CONROE	TX	United States	773858724		
4255589119							-60001	PhoneID Contact Data Not Found
7138711903	LULING CITY MARKET BAR B Q RESTAURANT & BAR 	4726 RICHMOND AVE	HOUSTON	TX	United States	770276604		
7136397370	CAFE EXPRESS MUSEUM OF FINE ARTS 	5601 MAIN ST	HOUSTON	TX	United States	770051823		
7136663008	CARMEN R ECHEVERRIA	5621 WESTWARD ST APT 5	HOUSTON	TX	United States	770811201		
7136836700	LITTLE BITTY BURGER BARN 	5503 PINEMONT DR	HOUSTON	TX	United States	770922619		
7135262800	ISTANBUL GRILL & DELI 	5613 MORNINGSIDE DR	HOUSTON	TX	United States	770053218		
7139611201	T O S C INTERNATIONAL INC 	550 POST OAK BLVD STE 430	HOUSTON	TX	United States	770279410		
2812288100	ROHM AND HAAS COMPANY DEER PARK PLANT 		HOUSTON	TX	United States	77002		
2814466717	CHEZ NOUS FRENCH RESTAURANT 	217 S AVENUE G	HUMBLE	TX	United States	773384716		
7136733007	GLORIA NEAL	7942 HANNA ST	HOUSTON	TX	United States	770285328		
2818957717	CYBERSOFT 		HOUSTON	TX	United States	77090		
7138637029	THE BROKEN SPOKE CAFE 	1809 WASHINGTON AVE	HOUSTON	TX	United States	770076130		
7135243863	ANDRES CAFE & PASTRY SHOP 		HOUSTON	TX	United States	77019		
2818333000	DUNLAP MARKETING 	3505 S DAIRY ASHFORD ST STE 225	HOUSTON	TX	United States	770825515		
9362714200	TAILGATORS PUB & GRILL 	8000 HIGHWAY 242  STE 125	CONROE	TX	United States	773854358		
7136225327	JOHN RIVERS	2505 N STATE HIGHWAY 360 STE 600	GRAND PRAIRIE	TX	United States	750507801		
2813914167	BABALOO INC 	22756 WESTHEIMER PKWY	KATY	TX	United States	774508823		
7138719722	PIATTO RISTORANTE 	4925 W ALABAMA ST	HOUSTON	TX	United States	770565700		
2813983232	KIMCHI KOREAN CAFE 	17748 KATY FWY STE 1	HOUSTON	TX	United States	770941333		
2815868430	CASA MEXICAN RESTAURANT 	2209 FM 1960 RD	HOUSTON	TX		77090		
2813261512	SEABROOK CLASSIC CAFE 	2511 NASA PKWY	SEABROOK	TX	United States	775863474		
2813134000	BROOK STREET BARBEQUE 	1418 HIGHWAY 6	SUGAR LAND	TX	United States	774784907		
2812567700	MATTHEW T MOTSINGER	15207 MESA RED CT	CYPRESS	TX	United States	774332170		
7136655103	HANK S ICE CREAM PARLOR 	9291 MAIN ST	HOUSTON	TX	United States	770254498		
7138690061	LAN N NGUYEN	504 ROY ST	HOUSTON	TX	United States	770075245		
7134503402	SHOWDOWNS 	12712 WOODFOREST BLVD	HOUSTON	TX	United States	770152774		
7137900900	ALLERGY & RHEUMATOLOGY SPECIALISTS OF HOUSTON 	6624 FANNIN ST	HOUSTON	TX		77030		
7136589282	CRUMLY COGWHEELS 	1320 MAIN ST	HOUSTON	TX	United States	770026803		
9797934207	ARTURO GARZA	11818 PUSKA RD	NEEDVILLE	TX	United States	774618584		
2814448444	HEALTHY LUNCH BOX 	614 W GREENS RD	HOUSTON	TX	United States	770674508		
9363363054	WILBURN S WHOLESALE 	726 WALLISVILLE RD	LIBERTY	TX	United States	775759139		
7136991693	CATERING BY GEORGE 	906 NORTH LOOP E	HOUSTON	TX	United States	770091448		
2815852272	BARBED ROSE STEAKHOUSE & SEAFOOD CO 	113 E SEALY ST	ALVIN	TX	United States	775112440		
2814915253	LIVE OAK GRILL 	12935 DAIRY ASHFORD RD	SUGAR LAND	TX	United States	774783101		
2815787173	CAROLYN J HARP	19330 FOXTREE LN	HOUSTON	TX	United States	770943441		
7135324900	PIZZA & MORE 	704 W SAM HOUSTON PKWY	HOUSTON	TX		77042		
2819333330	PRO TECH STEAMCARE INC 	11702 BEECHNUT ST	HOUSTON	TX	United States	770724104		
7132272283	PIZZITOLA S BAR B CUE 	1703 SHEPHERD DR	HOUSTON	TX	United States	770072242		
7138719700	CHARTER TITLE CO 	4265 SAN FELIPE ST STE 350	HOUSTON	TX	United States	770272999		
2816610025	CLEMENTE MARTINEZ	130 W PARKER RD APT 510	HOUSTON	TX	United States	770762928		
7137475100	BEAUCOUP BAR & GRILL 	3102 OLD SPANISH TRL	HOUSTON	TX	United States	770542200		
7136670666	ESSIE'S PIZZARIA 	4505 BISSONNET ST	BELLAIRE	TX		77401		
7133391122	TRADICAO BRAZILIAN 		HOUSTON	TX	United States	77001		
2106871818	SCENIC LOOP CAFE 	25615 BOERNE STAGE RD	SAN ANTONIO	TX	United States	782559535		
2815342500	DICKINSON BBQ 	2111 FM 517 RD E	DICKINSON	TX	United States	775398660		
2815782267	CAMTON CHINESE RESTAURANT 	2002 FRY RD	HOUSTON	TX	United States	770845800		
7132368868	KIM PHUNG RESTAURANT 	2200 JEFFERSON ST	HOUSTON	TX		77003		
7132302200	WILLIAMS KHERKHER HART BOUNDAS 	8441 GULF FWY	HOUSTON	TX	United States	770175000		
9798658589	UNCLE BILL S PIZZA 	1428 S	BELLVILLE	TX	United States	77418		
7134121886	MATT KOWALESKI	170 WESTCOTT ST	HOUSTON	TX	United States	770077003		
2813339300	HILTON HOUSTON NASA CLEAR LAKE 	3000 NASA PKWY	HOUSTON	TX	United States	770584322		
7132780808	GLOBAL INTERESTS LLC 	1333 WEST LOOP S	HOUSTON	TX		77027		
9799643739	Y HUSTEAD	FM 2918	HENDERSON	TX	United States	75652		
7139267265	DAMARIS A CARPIO	6632 HARRISBURG BLVD	HOUSTON	TX	United States	770114430		
7135235780	JACKSON AND COMPANY CATERERS 	707 HAWTHORNE ST	HOUSTON	TX	United States	770064016		
7136224224	TINY BOXWOODS 	3614 W ALABAMA ST	HOUSTON	TX	United States	770275906		
2815987610	SWEET MESQUITE 	14902 SOMMERMEYER ST STE 190	HOUSTON	TX	United States	770415308		
2818751996	CHRISTINE JONTE & ASSOCIATES 	222 PENNBRIGHT DR	HOUSTON	TX	United States	770905921		
7139837679	529 BBQ DOT COM AND CATERING 	12512 FM 529 RD	HOUSTON	TX	United States	770412721		
7136652900	100 PERCENT TAQUITO 	3245 SOUTHWEST FWY	HOUSTON	TX	United States	770277503		
7138642328	BEAVER S 	2310 DECATUR ST	HOUSTON	TX	United States	770077519		
2817454416							-60001	PhoneID Contact Data Not Found
2813597944	KINGWOOD COVE DAY SCHOOL & CHILD CARE CENTRE 	1101 HAMBLEN RD	KINGWOOD	TX	United States	773394012		
7137710641	HOLIDAY INN 	6855 SOUTHWEST FWY	HOUSTON	TX	United States	770742103		
4096212630	SALSAS MEXICAN RESTAURANT 	4604 SEAWALL BLVD	GALVESTON	TX	United States	775515897		
2813620362	CJ'S GRILL 	399 SAWDUST RD	THE WOODLANDS	TX		77380		
7135292891	KAHN S DELI 	2429 RICE BLVD	HOUSTON	TX	United States	770053202		
2814801600	LAURA S CAFE 	2339 BAY AREA BLVD	HOUSTON	TX	United States	770582009		
5123439100	POLYDYNE SOFTWARE INC 	9390 RESEARCH BLVD STE I415	AUSTIN	TX	United States	787597363		
2813602530	CAFE DU BOIS 	2845 W TOWN CENTER CIR	KINGWOOD	TX	United States	773393734		
7138612233	BRC 	519 N SHEPHERD DR	HOUSTON	TX	United States	770071316		
7139608472	KIRAN S RESTAURANT 	4100 WESTHEIMER RD	HOUSTON	TX	United States	770274400		
7136605942	SKEETER S MESQUITE GRILL CORPORATE OFFICE 		HOUSTON	TX	United States	77001		
7132222291	GLOBAL COFFEE CO INC 	2202 LAMAR ST	HOUSTON	TX	United States	770033523		
7136733764	PORT HOUSTON BAR & SUPPLY 	8013 STEDMAN ST	HOUSTON	TX	United States	770293863		
7137335687	HARLON'S BARBECUE HOUSE & CATERING 	6930 MARTIN LUTHER KING JR BLVD	HOUSTON	TX		77033		
7135244433	CAFE CHINO 	3285 SOUTHWEST FWY	HOUSTON	TX	United States	770277503		
7138805111	LAURENZO S GRILLE 	4412 WASHINGTON AVE	HOUSTON	TX	United States	770075642		
2818908000	WILLOWBROOK MALL 	7925 FM 1960 RD W STE 2000	HOUSTON	TX	United States	770705723		
4097891119	STACEY MONROE		HOUSTON	TX	United States	77006		
2813525510	JEREMIAH PATTON				United States			
7136698658	AUNTIE PASTO S 	5101 BELLAIRE BLVD	BELLAIRE	TX	United States	774014419		
9364998462	TERESA DREWS	13078 FM 2432 RD	WILLIS	TX	United States	773785944		
2818290333	LA OLLA RESTAURANT 	3616 N FRY RD	KATY	TX	United States	774498667		
2819982272	CASA MARIACHI 	5824 SPENCER HWY	PASADENA	TX	United States	775052304		
2812555510	ENCHANTED COTTA 	25435 FM 2978 RD	TOMBALL	TX		77375		
7132239181	INDUSTRIAL FIRE EQUIPMENT COMPANY 	204 N PALMER ST	HOUSTON	TX	United States	770031615		
7135920020	PASHA RESTAURANT 	2325 UNIVERSITY BLVD	HOUSTON	TX	United States	770052641		
7139264790	POLLO CAMPERO NO 4 	2410 S WAYSIDE DR	HOUSTON	TX	United States	770235333		
2815309382	HICKORY BARN BARBECUE CATERING THE 	11534 S WILCREST DR	HOUSTON	TX	United States	770994753		
2818071091	LUIGI S RESTAURANT AND PIZZA NO 2 	12779 JONES RD	HOUSTON	TX	United States	770704648		
2813918833	TOKYO STEAK & SUSHI 	22716 WESTHEIMER PKWY	KATY	TX	United States	774508674		
2814869888	MASA SUSHI JAPANESE FUSION RESTAURANT 	977 NASA PKWY	HOUSTON	TX	United States	770583039		
2812820935	UNITED TEXAS REALTORS 	17000 EL CAMINO REAL  STE 107	HOUSTON	TX	United States	770582632		
2815856434	SMOOTHIE ESPRESSO 	173 TOVREA RD	ALVIN	TX	United States	775112963		
7137901900	HOLIDAY INN ASTRODOME 	8111 KIRBY DR	HOUSTON	TX	United States	770541799		
7136269950	PRINCES HAMBURGERS 	3899 SOUTHWEST FWY	HOUSTON	TX	United States	770277515		
9363362725	MAS AMIGOS MEXICAN RESTAURANT 	2400 N MAIN ST	LIBERTY	TX	United States	775753815		
2814952436	LOPEZ MEXICAN RESTAURANT 	11606 S WILCREST DR	HOUSTON	TX	United States	770994755		
2819968300	R & R SPORTS BAR 	3340 E FM 528 RD	FRIENDSWOOD	TX	United States	775465012		
2818073002	SANDTRAP GRILL 	7900 N SAM HOUSTON PKWY W	HOUSTON	TX	United States	770643425		
7135212027	RAVEN GRILL THE 	1916 BISSONNET ST	HOUSTON	TX	United States	770051645		
7136613663	BUFFALO GRILLE 	4080 BISSONNET ST	HOUSTON	TX	United States	770051912		
2813350700	JAMES HICKMAN	18301 EGRET BAY BLVD	HOUSTON	TX	United States	770583385		
2815344429	SONIC DRIVE INN 	4404 HIGHWAY 3	DICKINSON	TX	United States	775396841		
2813795433	EL CORRAL 	22432 STATE HIGHWAY 249	HOUSTON	TX	United States	770701529		
2819885889	GIZEWORK GEBRU	13522 BEECH RIDGE LN	HOUSTON	TX	United States	770836461		
7138022144		918 HEIGHTS BLVD APT 18	HOUSTON	TX	United States	770086948		
2814691234	PRIME TIME STEAK HOUSE & BAR 	9275 FM 1960 RD W	HOUSTON	TX	United States	770706207		
7138389560	TOKYOHANA 	3239 SOUTHWEST FWY	HOUSTON	TX	United States	770277503		
2818592663	SONIC DRIVE IN 	16710 CLAY RD	HOUSTON	TX		77084		
2813620808	AMERIGO S GRILL 	25250 GROGANS PARK DR	THE WOODLANDS	TX	United States	773802175		
7139939966	POST OAK GRILL GALLERIA 	1415 S POST OAK LN	HOUSTON	TX	United States	770562803		
8322375880	HIDO GRILL & SUSHI 	17395 STATE HIGHWAY 249	HOUSTON	TX	United States	770641179		
7135282264	OUISIES TABLE 	3939 SAN FELIPE ST	HOUSTON	TX	United States	770273928		
2814123710	PEARLAND HEAD START CENTER 	2920 OAK RD	PEARLAND	TX	United States	775848815		
2813342284	KEMAH BOARDWALK MARINA 	555 BRADFORD AVE	KEMAH	TX	United States	775652314		
7137778084	BABILONIA DISCOTEQUE 	6115 HILLCROFT ST	HOUSTON	TX	United States	770811003		
7135284313	VINCENT S 	2817 W DALLAS ST	HOUSTON	TX	United States	770194006		
7135227654	TILA S RESTAURANTE & BAR 	1111 S SHEPHERD DR	HOUSTON	TX	United States	770193609		
9365391500	TUTS 	711 MADELEY ST	CONROE	TX	United States	773012254		
2814987890	QUAN YIN VEGETARIAN RESTAURANT 	10804 BELLAIRE BLVD STE E	HOUSTON	TX	United States	770722739		
7136290700	HOLLAND & ASSOCIATES 	2121 SAGE RD STE 280	HOUSTON	TX	United States	770564326		
7139378039	HOT DOG SHOP 	6405 BRITTMOORE RD STE 16	HOUSTON	TX	United States	770415140		
9364486440	WALDEN GOLF SHOP ADMINISTRATION OFC 		MONTGOMERY	TX	United States	77316		
2815311661	LOPEZ ALONSO	13976 WESTHEIMER RD	HOUSTON	TX	United States	770775359		
2813986066	EINSTEIN S PUB 	873 S MASON RD	KATY	TX	United States	774503882		
2815680044	THONG THAI INSURANCE AGENCY 	11210 BELLAIRE BLVD STE 138	HOUSTON	TX	United States	770722528		
2812861603	SUSAN MARTINEZ	14206 VILLAGE BIRCH ST	HOUSTON	TX	United States	770622077		
7139412282	CHARLIE S B & S JOINT 	3550 S RICHEY ST	HOUSTON	TX	United States	770177100		
7135205025	MI LUNA 	2441 UNIVERSITY BLVD	HOUSTON	TX	United States	770053226		
7136221098	MARK GERMAN 	745 HEIGHTS BLVD	HOUSTON	TX	United States	770071598		
7137299861	ANNIE S HAMBURGERS 	10821 S POST OAK RD	HOUSTON	TX	United States	770353101		
2812778383	CAFE GOO GOO YEN 	1730 WILLIAMS TRACE BLVD STE L	SUGAR LAND	TX	United States	774784055		
7135206896	BYZANTIO CAFE BAR 	403 W GRAY ST	HOUSTON	TX	United States	770194442		
7134556500	HAPPY HOUR SPORTS BAR & GRILL 	12625 MARKET STREET RD	HOUSTON	TX	United States	770156033		
2813880646	DAVID ADAME	2000 PARKVIEW DR	FRIENDSWOOD	TX	United States	775465936		
7134530288	JEAN S BLACKJACK 	13903 MUSCATINE ST	HOUSTON	TX	United States	770155158		
7136808689	PARKER SCHOOL UNIFORMS 		HOUSTON	TX	United States	77018		
7136211452	YOICHI UENO	2414 UNIVERSITY BLVD	HOUSTON	TX		77005		
7138801688	GOLDEN HUNAN RESTAURANT 	1801 DURHAM DR STE 3	HOUSTON	TX	United States	770072272		
7139600888		3333 WESLAYAN ST	HOUSTON	TX	United States	770276359		
2814989779	A1 TAX BOOKS 	11169 BEECHNUT ST	HOUSTON	TX	United States	770724340		
2813333180	MEDITERRANEO MARKET & CAFE 	18033 UPPER BAY RD	HOUSTON	TX	United States	770583509		
7134262100	INTERNATIONAL HOUSE OF PANCAKES 	6508 WASHINGTON AVE	HOUSTON	TX	United States	770072113		
7135234753	SHIVA INDIAN RESTAURANT 	2514 TIMES BLVD	HOUSTON	TX	United States	770053225		
2814616466	ICE PRO SHOP TEXAS ICE STADIUM 	18150 GULF FWY	FRIENDSWOOD	TX	United States	775462722		
2813598489	MENCIUS GOURMET HUNAN 	1379 KINGWOOD DR	KINGWOOD	TX	United States	773393037		
7134510593	BAYTOWN SEAFOOD 	14602 WOODFOREST BLVD	HOUSTON	TX	United States	770153144		
2814769971	BOSA DONUTS 	3117 CENTER ST	DEER PARK	TX	United States	775365061		
7134806814	MOHAMED SHEHATA	18307 LEINAD DR	HOUSTON	TX	United States	770901305		
9797988500	ARMADILLO BALLROOM 	37310 FM 521 RD	BRAZORIA	TX	United States	774227653		
7135222010	LUCKY S PUB 	801 ST EMANUEL ST	HOUSTON	TX	United States	770033030		
7138611313	SPAGHETTI WESTERN 	1608 SHEPHERD DR	HOUSTON	TX	United States	770073461		
8326617786	SYED KHAN	PO BOX 1597	HOUSTON	TX	United States	772511597		
2819551422	OUTRAGEOUS EVENTS 		HOUSTON	TX	United States	77070		
2819551422	OUTRAGEOUS EVENTS 		HOUSTON	TX	United States	77070		
7136608200	CHICK FIL A 	3101 W HOLCOMBE BLVD	HOUSTON	TX	United States	770251533		
4095501179	BRANDI J VIEHE	4110 WOODHEAD ST	HOUSTON	TX	United States	770983610		
2817121617		1622 SAWDUST RD STE A5	SPRING	TX	United States	773802933		
2816025454	BEYOND ESPRESSO	27914A FM 2978 RD	MAGNOLIA	TX	United States	77354		
7138229290	MICHAEL WILSON	16378 HAVENPARK DR	HOUSTON	TX	United States	770596036		
2812968464	MARTINIS & MORE 	311 SAWDUST RD STE B	SPRING	TX	United States	773802353		
9362733220	MAMA JUANITA S MEXICAN RESTAURANT 1 LLC 	8000 HIGHWAY 242	CONROE	TX	United States	773854342		
2813673774	DOSEY DOE INC 	25911 INTERSTATE 45	SPRING	TX	United States	773803509		
2813640475	CHICK FIL A RESTAURANTS OF 	1660 LAKE WOODLANDS DR	THE WOODLANDS	TX	United States	773803261		
2814198550	BROTHER S PIZZA EXPRESS 	6700 WOODLANDS PKWY	THE WOODLANDS	TX	United States	773822575		
7138628707	DAN ELECTRO S GUITAR BAR 	1031 E 24TH ST	HOUSTON	TX	United States	770091711		
2812908799	JEAN M MCCORMICK	11914 BRUSH CANYON DR APT D	TOMBALL	TX	United States	773778558		
2813588967	SAVANNAH ROSE BANQUET FACILITIES 	20714 BEIGEWOOD DR	HUMBLE	TX	United States	773382736		
7138693344	ROCKEFELLER HALL 	3620 WASHINGTON AVE	HOUSTON	TX	United States	770075995		
7135234205	RUSSELL D KANE	2318 HULDY ST	HOUSTON	TX	United States	770196522		
7138570720	LUIS F PADILLA	16714 SOUTHERN OAKS DR	HOUSTON	TX	United States	770681500		
2813539393	D C KITCHENS & BATHS 	2731 SPRING STUEBNER RD	SPRING	TX		77389		
7137235800	MICHAEL K SIMMS	13003 SOUTHFIELD DR	HOUSTON	TX	United States	770453231		
2818762611	FUDDRUCKERS 	403 GREENS RD	HOUSTON	TX	United States	770602101		
2814894241	ARMOUR HOMES 	20211 HIGHWAY 6	MANVEL	TX	United States	775783805		
7136800682	AMERICAN HELI ARC WELDING 	5009 PINEMONT DR	HOUSTON	TX	United States	770923533		
7133552000	BOMBAY BRASSERIE INDIAN RESTAURANT 	2414 UNIVERSITY BLVD STE 210	HOUSTON	TX	United States	770053256		
7136279207							-60001	PhoneID Contact Data Not Found
7138697074	SALTGRASS STEAKHOUSE 	1803 SHEPHERD DR	HOUSTON	TX	United States	770072244		
8322376969	OZ BAR 	9558 FM 1960 RD W	HOUSTON	TX	United States	770706116		
2814743973	NEPTUNE SUBS INC 	1917 BAYPORT BLVD	SEABROOK	TX	United States	775862806		
7136622183	DIMC VILLAGE OFFICE 	2636 NOTTINGHAM ST	WEST UNIVERSITY PLACE	TX	United States	770052420		
2814440919	DESSERT CONNECTION 	301 WELLS FARGO DR	HOUSTON	TX		77090		
7135292420	PREGO S 	2520 AMHERST ST	HOUSTON	TX	United States	770053238		
7139745442	T J S CATERING & TAKE OUT 	1100 W DALLAS ST	HOUSTON	TX	United States	770194641		
2815906412	ALMA LATINA MEXICAN RESTAURANT & BAR 	4920 ALDINE MAIL RD	HOUSTON	TX	United States	770394822		
7139269008	LYDIA BALDERAS	4702 RUSK ST	HOUSTON	TX	United States	770231236		
2813958530	RUBEN CHENG	402 W GRAND PKWY S	KATY	TX	United States	774948333		
7136227800	RED PEPPER CHINESE RESTAURANT 	5626 WESTHEIMER RD	HOUSTON	TX	United States	770564002		
2813781800	COLDWELL BANKER UNITED REALTORS SALES OFFICES 	18425 CHAMPION FOREST DR STE  100	SPRING	TX	United States	773794092		
7138400010	CAPONE S BAR & OVEN 	4304 WESTHEIMER RD	HOUSTON	TX	United States	770274810		
9798264290	BLUE BONNET HERB FARMS INC 	2105 13TH ST	HEMPSTEAD	TX	United States	774456648		
4099352888	TOTAL WELLNESS SPA INC 	6807 EMMETT F LOWRY EXPY	TEXAS CITY	TX		77591		
2814870240	PASADENA LIVESTOCK SHOW & RODEO 		HOUSTON	TX	United States	77503		
2815401616	W W DIVING 	1307 1ST ST E	HUMBLE	TX	United States	773384858		
7135208841	CAFE  RABELAIS 	2442 TIMES BLVD	HOUSTON	TX	United States	770053223		
9797936210	LAD S SMOKEHOUSE 	3731 SCHOOL ST	NEEDVILLE	TX	United States	774618365		
8325393257							-60001	PhoneID Contact Data Not Found
7134603938	NEW PAVILLION ON GESSNER LLP 	2500 GESSNER DR	HOUSTON	TX	United States	770803802		
2815289771	STREETY, JOHN 	4619 FITZWATER DR	SPRING	TX	United States	773736849		
7138693237	INTERNATIONAL BILLIARDS INC 	2311 WASHINGTON AVE	HOUSTON	TX	United States	770076194		
3015050671		2120 ALICE AVE APT 204	OXON HILL	MD	United States	207453518		
3016211621	A C I AUTO COLLISION INC 	7706 RACE RD	JESSUP	MD	United States	207949772		
7036452300	ALLSTATE AUTO GLASS 		FALLS CHURCH	VA	United States	20598		
3019265090	CARLA SAGERHOLM	15800 CRABBS BRANCH WAY STE 300	DERWOOD	MD	United States	208552685		
3019265090	CARLA SAGERHOLM	15800 CRABBS BRANCH WAY STE 300	DERWOOD	MD	United States	208552685		
3019265090	CARLA SAGERHOLM	15800 CRABBS BRANCH WAY STE 300	DERWOOD	MD	United States	208552685		
5712291300							-60001	PhoneID Contact Data Not Found
7035254009	LEVINE S RESTORATIONS & SHARPENING SERVICE 	4801 7TH ST N	ARLINGTON	VA	United States	222031419		
7032399238	CANDICE E DALTON	11007 HAMPTON RD	FX STA	VA	United States	220392303		
3012081347	AIRPARK ROVERS 4WD 	8211 SNOUFFER SCHOOL RD	GAITHERSBURG	MD	United States	208791596		
7038787100	COWLES FORD 	13779 NOBLEWOOD PLZ	WOODBRIDGE	VA	United States	221931446		
7039342664	JOANNA KOVARIK	2210 HOLLOW RIDGE CT	COLUMBIA	MO	United States	652019855		
7034809100	REI SYSTEMS INC 	200 FAIRBROOK DR	HERNDON	VA	United States	201705230		
4107711997	JEROME BURRELL	3709 KENTWOOD ST	BALTIMORE	MD	United States	21225		
4109875914	LIGHT INDUSTRIES 	8223 CLOVERLEAF DR	MILLERSVILLE	MD	United States	211081545		
3019489111	KING PONTIAC BUICK GMC INC 	16200 FREDERICK RD	GAITHERSBURG	MD	United States	208774023		
4108768800	LEN STOLER JEEP-SUZUKI 	1001 BALTIMORE BLVD	WESTMINSTER	MD	United States	211577023		
4104617000	NORRIS ACURA WEST 	8559 BALTIMORE NATIONAL PIKE	ELLICOTT CITY	MD	United States	210434285		
4106791400	THOMPSON CHRYSLER JEEP 	1101 BUSINESS CENTER WAY	EDGEWOOD	MD	United States	210401505		
7034353000	HERNDON AUTOMOTIVE 	630 GRANT ST	HERNDON	VA	United States	201704702		
3043404500	ROYAL JEEP SUBARU & SUZUKI 	PATRICK PLZ	CHARLESTON	WV	United States	25312		
3042551406	HOMETOWN SUBARU & KIA 	117 MIDTOWN AVE	PROSPERITY	WV	United States	25909		
3042427313	WHEELING VOLKSWAGEN-SUBARU 	40 US RTE E	WHEELING	WV	United States	26003		
3044285111	THOMAS SUBARU 	636 7TH ST	PARKERSBURG	WV	United States	261015227		
4106667777	MERCEDES-BENZ OF HUNT VALLEY 	9800 YORK RD	COCKEYSVILLE	MD	United States	210304914		
6022663522	DESERT WEST A DIVISION OF MOUNTAIN AMERICA CRE 	805 E THUNDERBIRD RD	PHOENIX	AZ	United States	850225336		
6022638888	SUNRISE BANK OF ARIZONA 	668 N 44TH ST	PHOENIX	AZ	United States	850086506		
4809171831	ALEX CRESPIN	1240 E BENRICH DR	GILBERT	AZ	United States	852951740		
4805581060	MARINA MACIAS	1640 S STAPLEY DR STE 133	MESA	AZ	United States	852046673		
6023812090	HUMBERTO GERMAN	2328 N 29TH PL	PHOENIX	AZ	United States	850082016		
6022356000	NATIONAL BANK OF ARIZONA BANKING OFFICES PHOEN 	6001 N 24TH ST	PHOENIX	AZ	United States	850162018		
6025228900	LMSA FINANCIAL CORPORATION 	8072 N 19TH AVE	PHOENIX	AZ	United States	850215101		
6023893500		2 N CENTRAL AVE	PHOENIX	AZ	United States	850042322		
5205442166	BANK OF TESCOTT 	655 W VISTOSO HIGHLANDS DR	ORO VALLEY	AZ	United States	857555892		
6022402700	ARIZONA BUSINESS BANK PHOENIX 	2600 N CENTRAL AVE STE 2000	PHOENIX	AZ	United States	850043020		
6029925055	THE BILTMORE BANK OF ARIZONA 		PHOENIX	AZ	United States	85018		
6022747500	MEL DALE	2700 N CENTRAL AVE STE 110	PHOENIX	AZ	United States	850041134		
6235369862	WEST VALLEY NATIONAL BANK 	12725 W INDIAN SCHOOL RD STE C108	AVONDALE	AZ	United States	853929523		
6026430030	ARIZONA MULTIBANK 	101 N 1ST AVE STE 101	PHOENIX	AZ	United States	850031932		
6022779530	BJ COMMUNICATIONS 	650 N 6TH AVE	PHOENIX	AZ	United States	850031531		
6022245800	CAMELBACK COMMUNITY BANK 	2777 E CAMELBACK RD STE  100	PHOENIX	AZ	United States	850164348		
4809699610	KAWASAKI MOTORCYCLES SALES & SERVICE 	817 S COUNTRY CLUB DR	MESA	AZ	United States	852103537		
4802818200	GOLDWATER BANK 	7135 E CAMELBACK RD STE 201	SCOTTSDALE	AZ	United States	852511290		
4805856995	INFINITY GOLF PARTNERS 	9933 E BELL RD STE 130	SCOTTSDALE	AZ	United States	852602509		
4803137898							-60001	PhoneID Contact Data Not Found
6022333601							-60001	PhoneID Contact Data Not Found
4807044867							-60001	PhoneID Contact Data Not Found
6024435900	ELECTRONIC PAYMENT PROVIDER 	2800 N 44TH ST STE 1100	PHOENIX	AZ	United States	850081591		
4805960883	CENTRAL ARIZONA BANK 	7001 N SCOTTSDALE RD	SCOTTSDALE	AZ	United States	852533658		
4806495100	MESA BANK 	63 E MAIN ST STE 100	MESA	AZ	United States	852017422		
6235841844	MEADE KEN REALTY 	13802 W MEEKER BLVD	SUN CITY WEST	AZ	United States	853754422		
6024042976	VANTAGE WEST CREDIT UNION 	10440 N 32ND ST	PHOENIX	AZ	United States	850283825		
6024944198		15233 N 51ST ST	SCOTTSDALE	AZ	United States	852542216		
4803581000	GATEWAY COMMERCIAL BANK 	6860 E WARNER RD	MESA	AZ	United States	852122138		
6022566945	CENTRAL ARIZONA SHELTER SERVICES INC HOMELESS 	1209 W MADISON ST	PHOENIX	AZ	United States	850073123		
4802379200	JIMENEZ CONSULTING 	10450 N 74TH ST	SCOTTSDALE	AZ	United States	852581009		
9288558300	XANADU CONDO RESORT 	LAKE HAVASU AVE S	LAKE HAVASU CITY	AZ	United States	86403		
4804519054	BARBARA VELTRI	9705 E MOUNTAIN VIEW RD	SCOTTSDALE	AZ	United States	852585235		
6022524191	ROMERO TEAM THE 	2701 N 7TH AVE	PHOENIX	AZ	United States	850071102		
6234631440	BANK 1440 	14155 N 83RD AVE STE 117	PEORIA	AZ	United States	853815640		
6029960060	JOSEPH W COHAN	1542 E BREEZY DR	PHOENIX	AZ	United States	850865316		
4808392626	JAY MILLER	6506 S COLE DR	TEMPE	AZ	United States	852833909		
4807269581	AUDREY H PERLMUTTER	1423 S HIGLEY RD STE 115	MESA	AZ	United States	852063449		
4804619765	MARK SHARKEY	6543 E OMEGA ST	MESA	AZ	United States	852151053		
4807269450	SUBBARAO V NARLA	702 W MARLBORO DR	CHANDLER	AZ	United States	852252177		
4806242600	BRUCE PAUZUS	6263 N SCOTTSDALE RD STE 100	SCOTTSDALE	AZ	United States	852505411		
6023461800	METRO PHOENIX BANK 	4686 E VAN BUREN ST STE 150	PHOENIX	AZ	United States	850086992		
4806495100	MESA BANK 	63 E MAIN ST STE 100	MESA	AZ	United States	852017422		
4802047366							-60001	PhoneID Contact Data Not Found
4802334235	ERIC KASSEL	901 S COUNTRY CLUB DR # 1	MESA	AZ	United States	852103545		
4806563049							-60001	PhoneID Contact Data Not Found
4807266500	E VALLEY BANK 		CHANDLER	AZ	United States	85224		
6023936000	SUN STATE INSURANCE 	5212 N CENTRAL AVE	PHOENIX	AZ	United States	850121409		
6028405550	SANDRA ZAZULA	3920 E AMBERWOOD DR	PHOENIX	AZ	United States	850487341		
4806639077	QWEST ONE FLEX 		SCOTTSDALE	AZ	United States	85251		
6026831234	ARIZONA FEDERAL CREDIT UNION AUTOMATIC PHONE T 		PHOENIX	AZ	United States	85008		
4809229966	SCOTTSDALE OFFICE 		SCOTTSDALE	AZ	United States	85253		
8888574067							-60001	PhoneID Contact Data Not Found
4805570077	AMERICAN FIRST FINANCIAL 	1540 W MAIN ST	MESA	AZ	United States	852017024		
6022772500	REPUBLICBANKAZ 	909 E MISSOURI AVE	PHOENIX	AZ	United States	850142650		
4806242616	SUNRISE BANK OF ARIZONA 	6263 N SCOTTSDALE RD	SCOTTSDALE	AZ	United States	852505406		
6028406009	HERITAGE BANK 	2710 E CAMELBACK RD	PHOENIX	AZ	United States	850164372		
4803368400							-60001	PhoneID Contact Data Not Found
6022224603	RICARDO ROMERO	3636 N CENTRAL AVE STE 100	PHOENIX	AZ	United States	850121929		
6237760800	SUNRISE BANK OF ARIZONA 	17235 N 75TH AVE STE B100	GLENDALE	AZ	United States	853080869		
6023851524	QUANTUM CAPITAL 	4455 E CAMELBACK RD	PHOENIX	AZ	United States	850182843		
4802180670		8390 E VIA DE VENTURA STE 110	SCOTTSDALE	AZ	United States	852583189		
6023936950	SONORAN BANK 	3877 N 7TH ST	PHOENIX	AZ	United States	850145072		
4804640328	SELAH GROUP THE 	123 N CENTENNIAL WAY	MESA	AZ	United States	852016748		
4809987998	CROSS COMMERCIAL REALTY ADVISORS 		SCOTTSDALE	AZ	United States	85258		
6022224600	U S BANK BRANCH OFFICES PHOENIX BILTMORE OFFIC 	2222 E CAMELBACK RD	PHOENIX	AZ	United States	850163428		
6022831460		3033 N CENTRAL AVE	PHOENIX	AZ	United States	850122809		
4808445900	JACQUELINE F MOLONEY	4677 S LAKESHORE DR STE 1	TEMPE	AZ	United States	852827172		
4804565194	K A HOLCOMB		PHOENIX	AZ	United States	85048		
4808333997	BRIDGING FURNITURE BANK 	25 N EXTENSION RD	MESA	AZ	United States	852017103		
6026785400	SUMMIT PHARMACY INC 	2432 W PEORIA AVE STE 1286	PHOENIX	AZ	United States	850294739		
6022630669	REMAX UPTOWN 	5518 N 4TH AVE	PHOENIX	AZ	United States	850131808		
4809223800	RE|MAX COMMERCIAL INVESTMENT PARADISE VALLEY 	7100 E MCDONALD DR	SCOTTSDALE	AZ	United States	852535407		
4805022595	SCOTT DAHNE	5924 E MOUNTAIN RESERVE DR	CAVE CREEK	AZ	United States	853317530		
4802757699	PHYLLIS JACKSON	PO BOX 12741	CHANDLER	AZ	United States	852480030		
4808396600	KELLER WILLIAMS REALTY 	2077 E WARNER RD STE 110	TEMPE	AZ	United States	852843458		
4804237400	PETER MEDAL	8653 E ROYAL PALM RD	SCOTTSDALE	AZ	United States	852584319		
6029957400	JOSE L JR RUIZ	505 E RILEY DR	AVONDALE	AZ	United States	853232153		
4807604000	SEALY MATTRESS 	125 S 67TH AVE	PHOENIX	AZ	United States	850433434		
6024674000	CREDIT UNION ARIZONA STATE GLENDALE 	5859 W TALAVI BLVD	PHOENIX	AZ	United States	850271261		
4808893700	HOMESMART MESA OFFICE 	1745 S ALMA SCHOOL RD	MESA	AZ	United States	852103009		
5202194218	THRAC PAULETTE 	1215 W CALABRIA CT	ORO VALLEY	AZ	United States	857558563		
4803488785	NORTHERN TRUST BANK NA PHOENIX 	7600 E DOUBLETREE RANCH RD	SCOTTSDALE	AZ	United States	852582134		
4808601391	ELAINE ALBU	13940 E GERONIMO RD	SCOTTSDALE	AZ	United States	852593722		
4809617665	MONARCH POOLS 	6893 W IVANHOE ST	CHANDLER	AZ	United States	852261641		
4804517122	DOUGLAS E PIKE	13103 N 103RD ST	SCOTTSDALE	AZ	United States	852609077		
6026927704	LEONARD A II WEAVER	540 N MAY	MESA	AZ	United States	852014433		
6234864500	THEODORE A BURROWS	10440 N 63RD AVE	GLENDALE	AZ	United States	853021113		
4803143049	KINDRED HLTH CA 		SCOTTSDALE	AZ	United States	85259		
6029538110	HENRY GINI	12222 N PARADISE VILLAGE PKWY S	PHOENIX	AZ	United States	850327622		
4809480550	CHARLES J KAMBOUROFF	PO BOX 5375	SCOTTSDALE	AZ	United States	852615375		
4807780798	GREENBRIER SOUTHWEST 	10881 N SCOTTSDALE RD	SCOTTSDALE	AZ	United States	852546713		
6022346143	P CENTRAL		PHOENIX	AZ	United States	85012		
6023313400	EXPRESS TELLER SERVICES LLC 		PHOENIX	AZ	United States	85021		
4804430687	PHI SATELLITE PHONES INC 	4184 N 81ST ST	SCOTTSDALE	AZ	United States	852512675		
4809511990	CLIFFORD T BENGIS	4844 E ONYX AVE	PARADISE VLY	AZ	United States	852531032		
6023818994	EYE SPECIALISTS OF AZ 	3033 N 44TH ST STE 270	PHOENIX	AZ	United States	850187228		
6239776310	CERTIFIED FIDUCIARY 	10765 GRAND AVE	SUN CITY	AZ	United States	853513452		
4804641300	SUITES OF AMERICA 	825 S DOBSON RD	MESA	AZ	United States	852022901		
4803919390	STATE FARM INSURANCE-MUELLER RANDY 	10575 N 114TH ST	SCOTTSDALE	AZ	United States	852594908		
6027397060							-60001	PhoneID Contact Data Not Found
4808201122	GANEM JEWELERS 	18560 N SCOTTSDALE RD STE 190	PHOENIX	AZ	United States	850545168		
6022794417	MO MONEY PAWN 	1152 E INDIAN SCHOOL RD	PHOENIX	AZ	United States	850144813		
7344255150	LIVONIA SUPER 8 MOTEL 	28512 SCHOOLCRAFT RD	LIVONIA	MI	United States	481502222		
2482772001							-60001	PhoneID Contact Data Not Found
3138877000	HOLIDAY INN EXPRESS AND SUITES DETROIT 	1020 WASHINGTON BLVD	DETROIT	MI	United States	482262613		
7349812900	CLIENTS FIRST 	44205 FORD RD	CANTON	MI	United States	481873177		
2484714880	ALTERNATIVE SERVICES INC 	32625 7 MILE RD	LIVONIA	MI	United States	481524269		
2488792100	METROPOLITAN HOTEL 	5500 CROOKS RD	TROY	MI	United States	480982806		
7347693010	BELL TOWER HOTEL 	300 S THAYER ST	ANN ARBOR	MI	United States	481041699		
5173720217	ROBINHILL CATERING 	16441 S US HIGHWAY 27	LANSING	MI	United States	489065632		
7347826600	BIG BEAR LODGE 	25253 TELEGRAPH RD	BROWNSTOWN TOWNSHIP	MI	United States	481341005		
7347692200	DAHLMANN CAMPUS INN HOTEL MAIN NUMBER & RESERV 	E HURON STATE	ANN ARBOR	MI	United States	48104		
8007722323							-60001	PhoneID Contact Data Not Found
2486437800	SOMERSET INN TROY 	2601 W BIG BEAVER RD	TROY	MI	United States	480843390		
3132534352	THE RITZ CARLTO 		DEARBORN	MI	United States	48120		
7346626000	FRESH SEASONS MARKET 	2281 W LIBERTY ST	ANN ARBOR	MI		48103		
3138951727	ANGELIQUE GIST	9261 WILDEMERE ST	DETROIT	MI		48206		
3138877000	HOLIDAY INN EXPRESS AND SUITES DETROIT 	1020 WASHINGTON BLVD	DETROIT	MI	United States	482262613		
3138733000	SAINT REGIS HOTEL 	3071 W GRAND BLVD	DETROIT	MI	United States	482023092		
5174586100	SCHOELLER ARCA SYSTEMS 	601 S EAST ST	MORENCI	MI	United States	492561556		
2489609975	HOSPITALITY HOUSE 	1600 W WEST MAPLE RD STE C	COMMERCE TOWNSHIP	MI	United States	483901915		
4072515600	AIRTRAN 		ORLANDO	FL	United States	32809		
9894962700	VALLEY PLAZA RESORT 	5221 BAY CITY RD	MIDLAND	MI	United States	486426098		
3134068853		5410 ALLEN RD	ALLEN PARK	MI	United States	481012924		
9892699951	FRANKLIN INN INC 	1060 E HURON AVE	BAD AXE	MI	United States	484131484		
9898020144	DAYS INN-CLARE 		GRANT TOWNSHIP	MI		48032		
8107143803	FRANCE JOURNEYS 	12381 N FENTON RD	FENTON	MI	United States	484309724		
9897344130	CALCITE CREDIT UNION 	478 N THIRD ST	ROGERS CITY	MI	United States	497791369		
9898371010	SLEEP INN 	2100 W WACKERLY ST	MIDLAND	MI	United States	486406738		
3138716000	INN ON FERRY STREET 	84 E FERRY ST	DETROIT	MI	United States	482023802		
8107658877	ANCHOR INN MOTEL 	6000 RIVER RD	EAST CHINA	MI	United States	480544730		
3138244400	WOLVERINE HUMAN SERVICES 	15100 MACK AVE	GROSSE POINTE PARK	MI	United States	482306202		
5869792626	VAN DYKE SPORT CENTER INC 	32501 VAN DYKE AVE	WARREN	MI	United States	480931089		
2483441178	LYNETTE M BLOOM	21956 SIEGAL DR	NOVI	MI	United States	483754965		
7347617800	KENSINGTON COURT ANN ARBOR 	610 HILTON BLVD	ANN ARBOR	MI	United States	481081620		
8106679444	BEST WESTERN LAPEER INN 	770 WEST ST	LAPEER	MI	United States	484463065		
7347287900	CLARION HOTEL DETROIT METRO AIRPORT 	8600 MERRIMAN RD	ROMULUS	MI	United States	481741918		
8107361203	RICHFIELD HOUSE 	4478 N VASSAR RD	FLINT	MI	United States	485061743		
2483070226	PAPERBACK TRADE INN THE 	145 E 14 MILE RD	CLAWSON	MI	United States	480172171		
7346979178	LODGE PRO SHOP 	46255 WILLOW RD	BELLEVILLE	MI	United States	481118809		
8107320571	CROSS STITCH INN 	5070 LENNON RD	FLINT	MI		48507		
3139634780	CORPORAT LIVING	1247 WOODWARD AVE APT 204	DETROIT	MI	United States	482262025		
3135632200	DEARBORN BED & BREAKFAST 	22331 MORLEY AVE	DEARBORN	MI	United States	481242131		
3135338400	DORCHESTER MOTEL 	26825 GRAND RIVER AVE	REDFORD	MI	United States	482401544		
2483555534	ALEXANDER D FRANCE	22405 RIVERDALE DR	SOUTHFIELD	MI	United States	480335952		
3139622300	LELAND THE 	400 BAGLEY ST	DETROIT	MI	United States	482261305		
8002503630							-60001	PhoneID Contact Data Not Found
2489609700	KENTUCKY TRAILER TECHNOLOGIES 	1240 N PONTIAC TRL	WALLED LAKE	MI	United States	483903139		
5867738940	SHORES INN FOOD & SPIRITS 	23410 GREATER MACK AVE	SAINT CLAIR SHORES	MI	United States	480803424		
5867277562	MEDILODGE OF RICHMOND 	34901 DIVISION RD	RICHMOND	MI	United States	480621559		
8109855550	HILDA K HOWARTH	1026 MILITARY ST	PORT HURON	MI	United States	480605454		
7344203399	CORPORATE COMFORT 	340 N MAIN ST	PLYMOUTH	MI		48170		
2486158500	PAW PRINT INN 	41249 VINCENTI CT	NOVI	MI	United States	483751927		
8109848000	THOMAS EDISON INN 	500 THOMAS EDISON PKWY STE A	PORT HURON	MI	United States	480608506		
8102391234	RIVERFRONT STUDENT HOUSING 	1 RIVERFRONT CTR W	FLINT	MI	United States	485021320		
7344534490	BEGINNERS INN CHILDCARE & LEARNING CENTER 	7505 N CANTON CENTER RD	CANTON	MI	United States	481871504		
3134421600	WESTIN BOOK CADILLAC DETROIT 	1114 WASHINGTON BLVD	DETROIT	MI	United States	482261907		
8106867088	KAROLYN K WALWORTH	5108 W WILSON RD	CLIO	MI	United States	484209461		
7347297555	DETROIT METRO AIRPORT MARRIOTT 	30559 FLYNN DR	ROMULUS	MI	United States	481742239		
5868237094	GORDON W CHAN	46256 ALLENTON DR	MACOMB	MI	United States	480445223		
7347288080	ROSE FOOTE CATERING CO 	6371 COMMERCE DR	WESTLAND	MI	United States	481851922		
8104458585							-60001	PhoneID Contact Data Not Found
7347276000	HILTON GARDEN INN 	31800 SMITH RD	ROMULUS	MI	United States	481741939		
8107360404	JASON VERNON	5319 EDGEWOOD DR	LEWISTON	MI	United States	497568975		
7345720912	BISTRO BAR & GRILL 	4735 WASHTENAW AVE	ANN ARBOR	MI	United States	481081411		
3132711600	BEST WESTERN 	3000 ENTERPRISE DR	ALLEN PARK	MI	United States	481013529		
2489601511	MICHAEL J STOCKE	1424 CRANBERRY CT	WIXOM	MI	United States	483931618		
3132913000	BEST VALUE INN 	10780 TELEGRAPH RD	TAYLOR	MI	United States	481803325		
7342840200	BILLY WALKER EVANGELISTIC ASSOCIATION 	15221 EUREKA RD	SOUTHGATE	MI	United States	481952647		
2486833340	VILLAGE PLACE THE 	4710 COOLEY LAKE RD	WATERFORD	MI	United States	483272809		
2484788060	SCOTT W BEELES	34238 BEECHNUT ST	WESTLAND	MI	United States	481869202		
2486340803	HOLLY HILLS CAMPSITES INC 	7072 GRANGE HALL RD	HOLLY	MI	United States	484429753		
3139625638	LAFAYETTE LOFT 	1301 W LAFAYETTE BLVD	DETROIT	MI	United States	482263004		
7346651771	ANN ARBOR SHIRT STUDIO 	1217 PROSPECT AVE	ANN ARBOR	MI	United States	481043946		
2483449429	WILLIAM WHITE	1904 OAKLAND PKWY	COLUMBIA	TN	United States	38401		
2485433299	WOODEN ACRES 	25120 E ROYCOURT	HUNTINGTON WOODS	MI		48070		
7347414969	VITOSHA GUEST HAUS 	1917 WASHTENAW AVE	ANN ARBOR	MI	United States	481043654		
8104999340	MICHAEL MIOTKE	11485 BAY SHORE DR	FENTON	MI	United States	484308828		
7349440091	LAURA NOLA	213 N ANN ARBOR ST	SALINE	MI	United States	481761138		
2485695405	K FT06736D KIDS FOOT LOCKER 	21500 NORTHWESTERN HWY	SOUTHFIELD	MI	United States	480755018		
3135275615	A J S PLACE 	11601 WHITTIER ST	DETROIT	MI	United States	482241537		
5867279163	COOK HOTEL 	68339 BEECH ST	RICHMOND	MI	United States	480621215		
2488875900	INN COMEBACK	1451 S MILFORD RD	HIGHLAND	MI	United States	483574864		
8107361496	COLDAWATER PLACE ASSISTED LIVING 		FLINT	MI	United States	48501		
7349945549	NUTRITION MAGICIAN 	2312 PACKARD ST	ANN ARBOR	MI		48104		
5867543434	AMBER HOUSE 	7012 E 9 MILE RD	WARREN	MI	United States	480912640		
8107651488	PATRICIA DALRICK	5275 PALMS RD	CASCO	MI	United States	480643903		
7349944004	RED HAWK BAR & GRILL 	316 S STATE ST	ANN ARBOR	MI	United States	481042412		
5867921902	THOMAS PASTERNAK	26911 JEFFERSON AVE	ST CLR SHORES	MI	United States	480812418		
7346419617	C I C INDUSTRIES 	6740 CYPRESS	ROMULUS	MI	United States	481743555		
3132744499	PARK PLACE DEARBORN 	23400 PARK ST	DEARBORN	MI	United States	481242545		
2486287656							-60001	PhoneID Contact Data Not Found
3138697500	JAMES GOSSETT	137 PLEASANT ST	ROMEO	MI	United States	480655143		
2486663500	AERODYNAMICS INC 	6544 HIGHLAND RD	WATERFORD	MI	United States	483271607		
7349718000	LAMP POST INN 	2424 E STADIUM BLVD	ANN ARBOR	MI	United States	481044813		
2483488762	SUNVALLEY LTD 	44175 W 12 MILE RD	NOVI	MI	United States	483771982		
7347618000	PRIME STUDENT HOUSING 	610 CHURCH ST	ANN ARBOR	MI	United States	481048083		
5869789876	MARIE E OSTROZNIK	27697 LARRY ST	ROSEVILLE	MI	United States	480662723		
2483565396	RAY A BRANTLEY	809 MERCER CT	ROCHESTER HILLS	MI	United States	483073091		
3133310903	JUDY M PAUL	932 TROMBLEY RD	GROSSE POINTE	MI	United States	482301860		
2486611998	ROBERT SCHUMAN				United States			
3137619666							-60001	PhoneID Contact Data Not Found
2486899140	BLUE ROCK TECHNOLOGIES 	800 KIRTS BLVD STE 600	TROY	MI	United States	480844879		
8107650068	POC S NEVERLAND GRAPHICS 	125 N WATER ST	MARINE CITY	MI	United States	480393487		
7349812900	CLIENTS FIRST 	44205 FORD RD	CANTON	MI	United States	481873177		
7349812900	CLIENTS FIRST 	44205 FORD RD	CANTON	MI	United States	481873177		
7349812900	CLIENTS FIRST 	44205 FORD RD	CANTON	MI	United States	481873177		
7344626000	EMBASSY SUITES HOTEL 	19525 VICTOR PKWY	LIVONIA	MI	United States	481521060		
7344623100	MARRIOTT HOTELS RESORTS SUITES DETROIT MARRIOT 	17100 N LAUREL PARK DR	LIVONIA	MI	United States	481522651		
7344622000	COURTYARD BY MARRIOTT LIVONIA 	17200 N LAUREL PARK DR	LIVONIA	MI	United States	481523915		
7344587111	COMFORT INN LIVONIA 	29235 BUCKINGHAM ST	LIVONIA	MI	United States	481544573		
7344678000	METROPOLITAN HOTEL THE 	31500 WICK RD	ROMULUS	MI	United States	481741900		
2485949616	DIANNE HENDERSON	2909 SUMMERVALE LN	BLOOMFIELD	MI	United States	483013438		
7347690653	SHELBY KIBLER	2921 DEXTER RD	ANN ARBOR	MI	United States	481032709		
7344646302	TRINITY HOUSE THEATRE 	38840 6 MILE RD	LIVONIA	MI	United States	481522605		
5175524944	BRIGHT BUILDING CO INC 	6009 LATSON CT	HOWELL	MI	United States	488556729		
2484764448	KATHERINE J MASSEY	36796 QUAKERTOWN LN	FARMINGTON	MI	United States	483313886		
3134961400	CORKTOWN INN 	1331 TRUMBULL ST	DETROIT	MI	United States	482161376		
3138346868	GOD S HOUSE OF PRAYER 	12929 JOY RD	DETROIT	MI	United States	482282639		
7346768422	FORD YACHT CLUB 	29500 SOUTHPOINTE RD	GROSSE ILE	MI	United States	481382073		
2483488191	ROBERT MURPHY	22732 WOOLSEY	NOVI	MI	United States	483754567		
8109858203	IMPRINT HOUSE LLC THE 	1113 MILITARY ST	PORT HURON	MI	United States	480605418		
5867583800	SPENCE INDUSTRIES INC 	23888 DEQUINDRE RD	WARREN	MI	United States	480911823		
8107988240	SKYLINE CONFERENCE CENTER 	6476 HOUGH RD	ALMONT	MI	United States	480039762		
2484882018	EVEREST HOTEL BROKERS LLC 	28593 WINTERGREEN	FARMINGTON HILLS	MI	United States	483313014		
7344851622	YPSILANTI ANIMAL CLINIC 	37 ECORSE RD	YPSILANTI	MI	United States	481985710		
5175481736	WILDWOOD RANCH 	4909 BROPHY RD	HOWELL	MI	United States	488559747		
2486250800	RALPH LUTZ	7778 SASHABAW RD	CLARKSTON	MI	United States	483484750		
7347615491	PHI ALPHA KAPPA 	1010 E ANN ST	ANN ARBOR	MI	United States	481041616		
3138721646	NU OMEGA CHAPTER 	235 E FERRY ST	DETROIT	MI	United States	482023811		
2486260628	CAMP R CRUISE 	4679 DIXIE HWY	WATERFORD	MI		48329		
5869391097	GUARDIAN INDUST 		WARREN	MI	United States	48093		
8107362300	PINEVIEW ESTATES LLC 	6152 N GENESEE RD	FLINT	MI	United States	485061122		
2483497800	HOTEL BARONETTE 	27790 NOVI RD	NOVI	MI	United States	483773422		
7349464300	DAYS INN 	9501 MIDDLEBELT RD	ROMULUS	MI	United States	481742511		
2483494000	SHERATON DETROIT NOVI 	21111 HAGGERTY RD	NOVI	MI	United States	483755305		
8564291820	STANFORD FLOWERS & GREENHOUSES 	830 KINGS HWY S STE 2	CHERRY HILL	NJ	United States	80342529		
3026544422	BLOOMSBERRY, FLOWERS 	207 N MARKET ST	WILMINGTON	DE	United States	198012527		
2156744900	BURPEE W ATLEE CO NATIONAL HEADQUARTERS 	300 PARK AVE	WARMINSTER	PA	United States	189744860		
8566917881	M PANCO	UNION RD	VINELAND	NJ	United States	8360		
6108612999	ROSE BOUTIQUE 		BETHLEHEM	PA	United States	18015		
6107599060	LYNN S FLORIST AND GIFT SHOP 	30 S MAIN ST	NAZARETH	PA	United States	180642036		
2152887931	IDEAL FLORISTS 	2645 ORTHODOX ST	PHILADELPHIA	PA	United States	191371698		
6102623501	BOB S FLOWER SHOP 	1214 MAIN ST	NORTHAMPTON	PA	United States	180671698		
2153617410							-60001	PhoneID Contact Data Not Found
6108692426	CONARD-PYLE CO 	372 ROSEHILL RD	WEST GROVE	PA	United States	193909701		
8564613359	FLAGGS GARDEN CENTER AND LANDSCAPING LLC 	4320 BRIDGEBORO RD	DELRAN	NJ	United States	8075		
3026588699	FLWRS ONLINE IN 		WILMINGTON	DE	United States	19805		
2157257500	HARRY WANNER	1901 COTTMAN AVE	PHILADELPHIA	PA	United States	191113816		
2156723050	WARMINSTER TREE ELITE FLORALS 	540 W STREET RD	WARMINSTER	PA	United States	189743223		
8562730340	ALL AMERICAN FLOWERS & GIFTS 	4201 CHURCH RD	MOUNT LAUREL	NJ	United States	80542276		
8569830055	BAKANAS FLOWERS & GIFTS 	MAPLE AV STATE HWY	MARLTON	NJ	United States	8053		
3022275725	BAYBERRY FLOWERS 	37385 HENLOPEN JCT UNIT 1	REHOBOTH BEACH	DE	United States	199711685		
2158367330	COUPE FLOWERS INC 		ERDENHEIM	PA	United States	19038		
6102692651	DARYL SMITH		DOWNINGTOWN	PA	United States	19335		
2158849130	PENNEY S FLOWERS INC 	263 KESWICK AVE	ABINGTON	PA	United States	19001		
8566783613		199 N BROADWAY	PENNSVILLE	NJ	United States	80701417		
2156376370	MAUREEN S FLOWERS 	3826 MORRELL AVE	PHILADELPHIA	PA	United States	191141915		
2158241819	PHILADELPHIA FLOWER CO INC 	12343 ACADEMY RD	PHILADELPHIA	PA	United States	191541927		
2156466500	AMBLER FLOWER SHOP & GIFT BASKETS 	107 E BUTLER AVE	AMBLER	PA	United States	190024494		
2154675501	ROSA Y RODRIGUEZ	3334 E ST	PHILADELPHIA	PA	United States	191341726		
6102796073	BLUE BELL FLOWER SHOPPE 	1214 SKIPPACK PIKE	BLUE BELL	PA	United States	194221247		
2159252882	OLD CITY FLOWERS 	31 S 3RD ST	PHILADELPHIA	PA	United States	191062801		
2154731842	OVERHILL FLOWERS FLORIST 	6231 LANCASTER AVE	PHILADELPHIA	PA	United States	191512695		
2153436198	AMELIA S FLOWERS 	2291 BRISTOL RD	WARRINGTON	PA	United States	189761515		
6107919132	MARY B S FLOWER & GIFT SHOP 	1555 LEHIGH ST	ALLENTOWN	PA	United States	181033813		
6106311660	MOLES FLOWER SHOP 	3000 W MAIN ST	NORRISTOWN	PA	United States	194031596		
2153553066	FIRESIDE FLOWERS 	1040 2ND STREET PIKE STE A	RICHBORO	PA	United States	189541800		
6105828791	CEDAR HILL FLOWERS & GIFTS 	3326 MAIN ST	BIRDSBORO	PA	United States	195088136		
6106875451	VILLAGE SALON THE 	503 W LANCASTER AVE	WAYNE	PA	United States	190873183		
2157224500	SALLY S FLOWERS 	7944 OXFORD AVE	PHILADELPHIA	PA	United States	191112225		
2158841106	FOX S JENKINTOWN FLOWER SHOP 	419 CEDAR ST	JENKINTOWN	PA	United States	190462720		
2157362320	RICHARD S FLOWER 	1301 YARDLEY RD	YARDLEY	PA	United States	190673337		
6108331888	RIDLEY S RAINBOW OF FLOWERS 	168 FAIRVIEW RD	WOODLYN	PA	United States	190941705		
2152574653	CLAIR S FLOWER SHOP INC 	308 W CALLOWHILL ST	PERKASIE	PA	United States	189441896		
3027373931	KIRK FLOWERS 	7 ASH AVE	NEWARK	DE	United States	197115500		
2155474550	FLOWERS BY JENNIE LYNNE 	100 TRENTON RD	FAIRLESS HILLS	PA	United States	190302716		
6104894421	RISHER VAN-HORN INC 	3760 GERMANTOWN PIKE	COLLEGEVILLE	PA	United States	194263130		
6103636550	WHITFORD FLOWERS 	167 W LINCOLN HWY	EXTON	PA	United States	193412615		
6102251793							-60001	PhoneID Contact Data Not Found
2159972590	BONNIE S FLOWERS 	517 W BUTLER AVE	CHALFONT	PA	United States	189142218		
2156740450	LEROY S FLOWERS & GIFTS 	16 YORK RD	WARMINSTER	PA	United States	189744502		
6106308825	PLAZA FLOWERS 	417 EGYPT RD	NORRISTOWN	PA	United States	194033405		
8563362912	MARY JANES FLOWERS AND GIFTS 	111 W WHITE HORSE PIKE	BERLIN	NJ	United States	80091230		
6103850404	FLOWERS OF EDEN 	1139 BEN FRANKLIN HWY W STE 105	DOUGLASSVILLE	PA	United States	195181853		
2156394208	A FASHIONABLE FLOWER BOUTIQUE 	1470 STREET RD	BENSALEM	PA	United States	190204218		
2154731842	OVERHILL FLOWERS FLORIST 	6231 LANCASTER AVE	PHILADELPHIA	PA	United States	191512695		
8562310551	ALL AMERICAN FLOWERS GIFTS 		MOORESTOWN-BURLINGTO	NJ	United States	8057		
6109488999	BETH ANN S FLOWERS 	426 MAIN ST	ROYERSFORD	PA	United States	194682304		
8566782700	FLOWERS BY FORD 	PENNSVILLE AREA	PENNSVILLE	NJ	United States	8070		
8564274334	FLOWER BOUTIQUE 	1211 KINGS HWY N STE 4	CHERRY HILL	NJ	United States	80341929		
2153871290	A GREEN THING 		PHILADELPHIA	PA	United States	19104		
3026545013	BRINTON S FLOWER SHOP INC 	701 S UNION ST	WILMINGTON	DE	United States	198054101		
8566626000		761 CUTHBERT BLVD	CHERRY HILL	NJ	United States	80023417		
2153798787	BLAKE, FLORISTS 	5 HUNTINGDON PIKE	ROCKLEDGE	PA	United States	190464396		
2152566400	HARLEYSVILLE, FLORIST & G 	2700 SHELLY RD	HARLEYSVILLE	PA	United States	194381281		
2154935656	YE OLDE YARDLEY FLORIST 	175 S MAIN ST STE 8	YARDLEY	PA	United States	190671623		
6104598500	COUNTRY PORCH FLORIST & GARDENS 	1785 WILMINGTON PIKE	GLEN MILLS	PA	United States	193428179		
2152956662	MARRAZZO MANOR LANE FLORIST & GARDEN CENTER 	1301 YARDLEY RD	YARDLEY	PA	United States	190673337		
6105820662	MUTSCHLERS  FLORIST & RARE PLANTS 	6601 PERKIOMEN AVE	BIRDSBORO	PA	United States	195089146		
8569317193	COOK S FLORIST INC 	815 N BLACK HORSE PIKE	RUNNEMEDE	NJ	United States	80781096		
2152472455	F ROTHE	7148 GERMANTOWN AVE	PHILADELPHIA	PA	United States	191191843		
6104329315	BAKER S FLORIST INC 	134 RIDGE AVE	ALLENTOWN	PA	United States	181011997		
2157887861	BRISTOL FLORIST 	401 DORRANCE ST	BRISTOL	PA	United States	190073902		
8562340444	ALL THAT BLOSSOMS 	3111 E STATE STREET EXT	TRENTON	NJ	United States	86194507		
6106965200	HALLADAY, NICHOLAS FLORIST 	29 S CHURCH ST FRNT	WEST CHESTER	PA	United States	193821011		
6103636020	AFFINITY COMPUTER CORPORATION 	47 MARCHWOOD RD STE 2A-12	EXTON	PA	United States	193411839		
6104959954	LIMERICK FLORIST 	683 N LEWIS RD	LIMERICK	PA	United States	194681280		
6103239614		300 E HIGH ST	POTTSTOWN	PA	United States	194645538		
6105213366	RIDLEY PARK FLORISTS INC 	17 E HINCKLEY AVE	RIDLEY PARK	PA	United States	190782116		
2158559258	CHANTILLY FLORAL 	29 W MAIN ST	LANSDALE	PA	United States	194462522		
3024923367	BOBOLA FARMS 	RR 8	DOVER	DE	United States	199019808		
2153556430	CHERRY LANE FLORIST 	757 STREET RD	SOUTHAMPTON	PA	United States	189663921		
8566672101	ZIEGFIELD FLORIST 	14 E MAIN ST	MAPLE SHADE	NJ	United States	80522687		
2152577011	PERKASIE FLORIST 	101 N 5TH ST	PERKASIE	PA	United States	189441403		
3026294136	POSEY PALACE FLORIST 	512 W STEIN HWY	SEAFORD	DE	United States	199731202		
8564689326	LAVENDER & LACE FLOWER & GIFT SHOP 	130 BRIDGETON PIKE	MANTUA	NJ	United States	80511569		
6105899857	FEGLEY S FLOWERS 	1 STREET	WOMELSDORF	PA	United States	19567		
8565894172	MERRITT S HOUSE OF FLOWERS 	170 S BROADWAY	PITMAN	NJ	United States	80712298		
8564689326	LAVENDER & LACE FLOWER & GIFT SHOP 	130 BRIDGETON PIKE	MANTUA	NJ	United States	80511569		
6109351573	LEARY S FLOWERS 	407 GAY ST	PHOENIXVILLE	PA	United States	194603887		
6108575565	HELENES, FLORIST 	221 MAIN ST	PARKESBURG	PA	United States	193651129		
6102795540	SUNFLOWERS BY DENISE 	123 W GERMANTOWN PIKE	EAST NORRITON	PA	United States	194011382		
8565460037	APRIL ROBIN FLORIST & GIFTS LLC 	620 STATION AVE	HADDON HEIGHTS	NJ	United States	80351907		
3028757155		301 W MARKET ST	LAUREL	DE	United States	199561037		
2158849223	IN BLOOM INC 	1165 OLD YORK RD	ABINGTON	PA	United States	190013815		
2155983412	GEERLINGS GREENHOUSE WHOLESALE DIVISION 	RR 413	PINEVILLE	PA	United States	18946		
8567283939	ABBOTT FLORIST INC 	138 FRIES MILL RD STE 5	BLACKWOOD	NJ	United States	80121600		
8567680045	C & J GIFT BASKETS 	STATE HWY	BERLIN	NJ	United States	8009		
6108760363	MINUTELLA S FLORISTS INC 	4126 EDGMONT AVE	BROOKHAVEN	PA	United States	190152385		
8564687000	JOHN MARKHORST	MANTUA BLVD	SEWELL	NJ	United States	8080		
2159474669	FLOWER STATION THE 	3500 PHILMONT AVE	HUNTINGDON VALLEY	PA	United States	190064252		
5707845770	DILLON FLORAL CORPORATION 	NEW BERWICK HWY	BLOOMSBURG	PA	United States	17815		
3027645498	VILLAGE GREEN FLOWER SHOP 	4303 MILLER RD	WILMINGTON	DE	United States	198021901		
2156744900	BURPEE W ATLEE CO NATIONAL HEADQUARTERS 	300 PARK AVE	WARMINSTER	PA	United States	189744860		
6105948830	BLOSSOM BOUTIQUE 	611 N POTTSTOWN PIKE	EXTON	PA	United States	193411678		
2156273571	RIEHS FLORIST 	1020 N 5TH ST	PHILADELPHIA	PA	United States	191231404		
2159223115	LISA S FLOWERS & GIFTS 	45 S 4TH ST	PHILADELPHIA	PA	United States	191062710		
8567674287		204 STATE HWY # 73	VOORHEES	NJ	United States	8043		
6097040097	YOUNG KIM	3311 MISSION AVE	CARMICHAEL	CA	United States	956083110		
8566971234	ANTON S FLORIST 	152 HARDING HWY	VINELAND	NJ	United States	83609145		
2158294480		626 MARKET ST	PHILADELPHIA	PA	United States	191062310		
8568450019	SANDERSON AND SON FLORIST 	435 MORRIS ST	WOODBURY	NJ	United States	80962691		
2157880451	SCHMIDT S FLOWERS 	201 OLD ROUTE 13	BRISTOL	PA	United States	190073622		
6099274126	WALDOR ORCHIDS 	10 E POPLAR AVE	LINWOOD	NJ	United States	82212526		
8568452287	GROVE FLORAL SHOP 	1241 DELSEA DR	DEPTFORD	NJ	United States	8096		
2154935656	YE OLDE YARDLEY FLORIST 	175 S MAIN ST STE 8	YARDLEY	PA	United States	190671623		
2159454114	ELIZABETH E WURTZ	17 HICKORY LN	LEVITTOWN	PA	United States	190551309		
2154779481	PRESIDENTIAL FLOWER SHOP 	3901 CONSHOHOCKEN AVE	PHILADELPHIA	PA	United States	191315430		
2158553850	GENUARDI FLORIST 	SUMNEYTOWN PIKE & VALLEY FOR	LANSDALE	PA	United States	19446		
6099650353	GUERCIONI JAS L FLORIST 	1030 W WHITE HORSE PIKE	EGG HARBOR CITY	NJ	United States	82153138		
2156576700	KREMP FLORIST 	220 DAVISVILLE RD	WILLOW GROVE	PA	United States	190903399		
6096548338	MEDFORD FLORIST & GIFT SHOP 	31 S MAIN ST	MEDFORD	NJ	United States	80552429		
6105657470	MEDIA FLORIST 	25 E STATE ST	MEDIA	PA	United States	190632993		
2158363050	ROBERTSON S FLOWERS 		BRYN MAWR	PA	United States	19010		
6105666569	CAROLE L SMITH	528 STATION RD	MEDIA	PA	United States	190635703		
6106232400	FARRELL S FLORIST 	421 BURMONT RD	DREXEL HILL	PA	United States	190263097		
3305350110	ALADDINS EATERY 	782 W MARKET ST	AKRON	OH	United States	443031048		
2162815599	TIMOTHY J DUNDR	3918 BLUESTONE RD	CLEVELAND HTS	OH	United States	441212406		
2167816784	RASCAL HOUSE PIZZA CAFE 	2064 EUCLID AVE	CLEVELAND	OH	United States	441152224		
2163610484	ACE FIXTURES SU 		CLEVELAND	OH	United States	44103		
4409862511	GIBSON MANOR CATERING 	108 W MAIN ST	SOUTH AMHERST	OH	United States	440012924		
4408089100	TRAVEL CENTERS OF AMERICA 	24601 CENTER RIDGE RD STE 200	WESTLAKE	OH	United States	441455677		
3304254961	STACIE R BELLMAN	5361 DIANA LYNN DR	STOW	OH	United States	442241630		
3303923020	MOCHA HOUSE THE 	467 HIGH ST NE	WARREN	OH	United States	444811226		
4402482300	RUSTY BUCKET 	6025 KRUSE DR STE 148	SOLON	OH	United States	441392379		
4409467181	MULLARKEY S IRISH PUB 	4110 ERIE ST	WILLOUGHBY	OH	United States	440947807		
3307222729	MAIN STREET CAFE 	17 PUBLIC SQ	MEDINA	OH	United States	442562203		
4403496400	CLADDAGH DEVELOPMENT GROUP 	29500 AURORA RD	SOLON	OH	United States	441391809		
2162418869	PAULIUS S NASVYTIS	1776 FULTON RD	CLEVELAND	OH	United States	441133034		
2165248050	HOLIDAY INN CLEVELAND SOUTH 	6001 ROCKSIDE RD	INDEPENDENCE	OH	United States	441312209		
3308563176	COVELLI ENTERPRISE 	3900 E MARKET ST	WARREN	OH	United States	444844787		
2165242251	MIDLAND FOODS 	6200 ROCKSIDE WOODS BLVD	INDEPENDENCE	OH		44131		
2163599000							-60001	PhoneID Contact Data Not Found
2165731991	DELMONICO S STEAKHOUSE 	6001 QUARRY LN	INDEPENDENCE	OH	United States	441312201		
2168310505	WINKING LIZARD 	122020 MILES RD	BEDFORD	OH		44146		
3304992248	THAT LITTLE ITALIAN KITCHEN 	5730 FULTON DR NW	CANTON	OH	United States	447181733		
3304974484	SUBWAY 	1444 N MAIN ST	NORTH CANTON	OH	United States	447201640		
2164330060	FRONT ROW BAR & GRILLE 	15119 SNOW RD	BROOK PARK	OH	United States	441422458		
3304971000	VILLAS AT GERVASI VINEYARD THE 	1700 55TH ST NE	CANTON	OH	United States	447213401		
4406253080	ROBERT A COULSON	427 MISTY MORN LN	CEDAR PARK	TX	United States	786133983		
3308251660	MAMA REGINA'S PIZZA 	4223 CLEVELAND MASSILLON RD	NORTON	OH		44203		
2165213280	F P MAHALLS LLC 	13200 MADISON AVE	LAKEWOOD	OH	United States	441074813		
4405269292	COURTYARD CAFE THE 	7600 CHIPPEWA RD	BRECKSVILLE	OH	United States	441412328		
4402863703		209 CENTER ST	CHARDON	OH	United States	440241189		
2165213777	CREATIVE CAFES INC 	14523 MADISON AVE	LAKEWOOD	OH	United States	441074326		
4405267400	ZEPPES PIZZERIA OF BRECKSVILLE 	13983 RIDGE RD	CLEVELAND	OH		44133		
3307334005	WING WAREHOUSE 	2215 E WATERLOO RD STE 101	AKRON	OH	United States	443123818		
3306599555	TERESA S PIZZA 	4174 WHEATLEY RD STE 800	RICHFIELD	OH	United States	442869004		
3303767171	TANGIER RESTAURANT & CABARET RESTAURANT 	532 W MARKET ST	AKRON	OH	United States	443031893		
3309283344	ROCCO S PIZZA CUYAHOGA FALLS 	PORTAGE TR & 11 ST	CUYAHOGA FALLS	OH	United States	44221		
3307539669	PIZZA PAN 	2474 MANCHESTER RD	AKRON	OH	United States	443143554		
4402576071	MARIANNE POWELL	9354 HEADLANDS RD	MENTOR	OH	United States	440601004		
4405855800	FREEWAY LANES BOWLING GROUP FREEWAY LANES OF W 	28801 EUCLID AVE	WICKLIFFE	OH	United States	440922528		
2164331976	PASTA LEAR S PIZZERIA & DELI 	6310 ENGLE RD	BROOK PARK	OH	United States	441423501		
3307692601	OAKS LODGE THE 	5878 LONGACRE LN	CHIPPEWA LAKE	OH	United States	442159778		
3304059001	MAVIS WINKLES IRISH PUB 		TWINSBURG	OH	United States	44087		
4406321939	MARY YODER S AMISH KITCHEN BAKEERY & GIFTS 	14743 N STATE AVE	MIDDLEFIELD	OH	United States	440629379		
4407750118	LORENZO S PIZZERIA 	52 S 52ND MAIN	OBERLIN	OH	United States	44074		
4402866464	HOLLY J SAMPLE	10670 THWING RD	CHARDON	OH	United States	440249790		
3304240001	ITALO S PIZZA 	7735 STATE ROUTE 45	LISBON	OH	United States	444328342		
2164640688	HYDE PARK PRIME STEAKHOUSE 	26300 CHAGRIN BLVD	BEACHWOOD	OH	United States	441224229		
2163828600	CAPTAIN TONY S PIZZA 	4445 MAYFIELD RD	SOUTH EUCLID	OH	United States	441213633		
2166218887	HARRY BUFFALO 	2120 E 4TH ST	CLEVELAND	OH	United States	441151004		
4407860100	GLENWILLOW GRILLE 	29765 PETTIBONE RD	SOLON	OH	United States	441395402		
3306302010	GIONINO S PIZZA 	676 EASTWOOD AVE	TALLMADGE	OH	United States	442783139		
2165890464	FRACKER MARK	2930 PROSPECT AVE E	CLEVELAND	OH	United States	441152608		
4408919500	GEPPETTO S PIZZA & RIBS 	7277 PEARL RD	MIDDLEBURG HEIGHTS	OH	United States	441304806		
2168313777	GEORGIO S OVEN FRESH PIZZA CORPORATE OFFICE 	23366 COMMERCE PARK STE 102A	BEACHWOOD	OH	United States	441225801		
2165237070	PANINI GRILL 	1290 W 6TH ST	CLEVELAND	OH	United States	441131351		
2166926488	CHEF S FOR HIRE CATERING 	23555 EUCLID AVE	CLEVELAND	OH	United States	441171703		
4402373434	CARRIE CERINO S RISTORANTE & PARTY CENTER 	8922 RIDGE RD	NORTH ROYALTON	OH	United States	441331869		
2165218600	JOHN A LEAHY	12700 LAKE AVE	LAKEWOOD	OH	United States	441071576		
4407351440	ANGIE'S RIB WAGON 	1160 BROADWAY AVE	BEDFORD	OH		44146		
4403493736	BLUE STAR TAVERN 	28020 MILES RD	SOLON	OH	United States	441391127		
3306866861	ALTIERIS PIZZA 	3291 KENT RD	STOW	OH	United States	442244501		
4408085269							-60001	PhoneID Contact Data Not Found
3307735158	WATERLOO RESTAURANT & CATERING THE 	523 E WATERLOO RD	AKRON	OH	United States	443191242		
3307339611	T J AMBER RESTAURANT 	1500 CANTON RD	AKRON	OH	United States	443124089		
3306774400	RIVERSIDE WINE 	911 N MANTUA ST	KENT	OH	United States	442402323		
4407351440	ANGIE'S RIB WAGON 	1160 BROADWAY AVE	BEDFORD	OH		44146		
2166740964		8111 ROCKSIDE RD	CLEVELAND	OH	United States	441256129		
4402321991	LIGHT OF HEARTS VILLA 	283 UNION ST	BEDFORD	OH	United States	441464578		
2162717700	S S KEMP & COMPANY 	4567 WILLOW PKWY	CLEVELAND	OH	United States	441251052		
2162517155	ARCADE TAVERN 	17007 LORAIN AVE	CLEVELAND	OH		44111		
3304222001		23200 CHAGRIN BLVD	BEACHWOOD	OH	United States	44122		
2168611919	X O PRIME STEAKS 	500 W SAINT CLAIR AVE	CLEVELAND	OH	United States	441131506		
2166631421	LAURA JACOBSON	18502 MAPLE HEIGHTS BLVD	MAPLE HEIGHTS	OH	United States	441372760		
4409430087	LAVERA PARTY CENTER 	32200 CHARDON RD	WILLOUGHBY HILLS	OH	United States	440948443		
4402577214	MENTOR HARBOR YACHTING CL 	5330 CORONADA DR	MENTOR ON THE LAKE	OH	United States	440601499		
2164818444	EUCLID HEAT TREATING CO 	1340 E 222ND ST	EUCLID	OH	United States	441171106		
4403277633	LITTLE HONG KONG 	34137 CENTER RIDGE RD	NORTH RIDGEVILLE	OH	United States	440393221		
3309291109	GOLDEN DRAGON CHINESE & JAPANESE RESTAURANT 	1634 STATE RD	CUYAHOGA FALLS	OH	United States	442231304		
3304989992	RICHARD STUCKY	5818 WEST BLVD NW	CANTON	OH	United States	447181432		
3309630603	D ANGELO S RISTORANTE 	7995 DARROW RD	TWINSBURG	OH	United States	440872385		
4409885611		301 CHURCH ST	AMHERST	OH	United States	440012203		
2162810055	JOHNNY S BAR 	3164 FULTON RD	CLEVELAND	OH	United States	441091450		
2162512131	BRENNAN S CATERING & BANQUET CENTER 	13000 TRISKETT RD	CLEVELAND	OH	United States	441112523		
3307692601	OAKS LODGE THE 	5878 LONGACRE LN	CHIPPEWA LAKE	OH	United States	442159778		
2166962767	CROP BISTRO & BAR 	2537 LORAIN AVE	CLEVELAND	OH	United States	441133412		
3306501955	HUDSON S RESTAURANT ON THE GREEN 	80 N MAIN ST	HUDSON	OH	United States	442362827		
3304546611	HEGGY S NUT SHOP 	3200 TUSCARAWAS ST W	CANTON	OH	United States	447084142		
2167910700	ANTHONY S OF LITTLE ITALY 	12018 MAYFIELD RD	CLEVELAND	OH	United States	441061922		
3308975481	MILLERS DUTCH KITCHEN 	108 E MAIN ST	BALTIC	OH	United States	43804		
3308230575	WE RE ROLLING CORPORATE OFFICES 	2500 W STATE ST	ALLIANCE	OH	United States	446015605		
2168817676	KOCIAN MEATS & MARKETPLACE 	4058 SAINT CLAIR AVE	CLEVELAND	OH	United States	441031118		
4402854448	PINEVIEW LAKE 	10036 WILSON MILLS RD	CHARDON	OH	United States	440249780		
4402858686	ROSEPOINTE COTTAGE TEA ROOM 	107 CENTER ST	CHARDON	OH	United States	440241119		
2165240700	CROWNE PLAZA CLEVELAND SOUTH 	5300 ROCKSIDE RD	INDEPENDENCE	OH	United States	441312118		
4403339595	DANNY BOY S PIZZA 	20251 LAKE RD	ROCKY RIVER	OH	United States	441161350		
4405721111	DON S POMEROY HOUSE 	13664 PEARL RD	STRONGSVILLE	OH	United States	441363493		
2167714404	GREAT LAKES BREWING 	2516 MARKET AVE	CLEVELAND	OH	United States	441133434		
2164797717	LIQUID CAFE SUITE SIXX CLUB ULTRA 	1212 W 6TH ST	CLEVELAND	OH	United States	441131344		
2164268890	ANGIE S SOUL CAFE 	3859 SUPERIOR AVE E	CLEVELAND	OH	United States	441144134		
2167317499	BEACH CLUB PIZZA BISTRO 	21939 S LAKE SHORE BLVD	CLEVELAND	OH	United States	441232166		
7148797318	CELESTE FREMON	1209 W CHAPMAN AVE	FULLERTON	CA	United States	928332421		
3307246373	GUY S PARTY CENTRE 	500 E WATERLOO RD	AKRON	OH	United States	443191272		
2169329000	LOPEZ BAR & GRILL 	2196 LEE RD	CLEVELAND HEIGHTS	OH	United States	441182908		
2165244774	CLEVELAND'S PM IN THE VALLEY 	7503 GRANGER RD	CLEVELAND	OH		44125		
2163787504	BLOW IT UP BALLOONS 	2000 AUBURN DR	CLEVELAND	OH		44122		
2164412000	ALL INDUSTRIAL 	1555 1/2 HARVARD AVE	NEWBURGH HEIGHTS	OH	United States	441053064		
2168618358	A J ROCCOS 	816 HURON RD E	CLEVELAND	OH	United States	441151121		
3304778599	EXECUTIVE EVENT CENTER 		PERRY HEIGHTS	OH	United States	44708		
2165212540	BECK CENTER FOR THE ARTS 	17801 DETROIT AVE	LAKEWOOD	OH	United States	441073413		
2166217907	SPY BAR 	1261 W 6TH ST	CLEVELAND	OH	United States	441131301		
2165218187	LAKEWOOD C INC	1570 CHESTERLAND AVE	LAKEWOOD	OH	United States	441074861		
4402372665	CLEATS CLUB SEAT GRILLE 	5267 WALLINGS RD	NORTH ROYALTON	OH	United States	441333135		
2162269765	KLUCK S RESTAURANT 	1313 W 117TH ST	CLEVELAND	OH	United States	441073010		
2162264899	DEAGAN S KITCHEN & BAR 	14810 DETROIT AVE	LAKEWOOD	OH	United States	441073910		
2162282285	GATHERINGS 	17004 MADISON AVE	LAKEWOOD	OH	United States	441073502		
2166716220	BRAUMEISTER DER RESTAURANT & DELI 		CLEVELAND	OH	United States	44101		
2162284976	GREEK VILLAGE GRILLE THE 	14019 MADISON AVE	LAKEWOOD	OH	United States	441074501		
2162264450	THAI KITCHEN 	12210 MADISON AVE	LAKEWOOD	OH	United States	441075030		
2162262337	BUCKEYE BEER ENGINE & BURGERS 	15315 MADISON AVE	LAKEWOOD	OH	United States	441074020		
2162260056	56 WEST 	16300 DETROIT AVE	LAKEWOOD	OH	United States	441073624		
2162262000	PACERS RESTAURANT 	14600 DETROIT AVE STE 110	LAKEWOOD	OH	United States	441074293		
2162266191	PEPPER S ITALIAN RESTAURANT 	12401 DETROIT AVE	LAKEWOOD	OH	United States	441073012		
4402372212	MICHAEL S PLACE 	12841 STATE RD	NORTH ROYALTON	OH	United States	441333911		
2166227773	LUCKYS CAFE 	777 STARKWEATHER AVE	CLEVELAND	OH	United States	441134617		
2165839999	PARALLAX 	2179 W 11TH ST	CLEVELAND	OH	United States	441136100		
2169388960	BAC RESTAURANT 	2661 W 14TH ST	CLEVELAND	OH	United States	441135215		
2163984498	CLEATS CLUB SEAT GRILLE 	3995 JENNINGS RD	CLEVELAND	OH	United States	441092859		
2167419810	MAHA S CAFE 	3323 W 25TH ST	CLEVELAND	OH	United States	441091691		
2168815372	VAGRAS KALLI 	5380 SAINT CLAIR AVE	CLEVELAND	OH	United States	441031312		
2164529744							-60001	PhoneID Contact Data Not Found
4409335570	PIZZA CUTTER 	33501 LAKE RD	AVON LAKE	OH	United States	440121151		
2162287301	FEED ME 	13611 DETROIT AVE	LAKEWOOD	OH	United States	441074603		
4409334739	FOUNTAINE BLEAU PARTY CENTER 	635 MILLER RD	AVON LAKE	OH	United States	440122306		
4409335375	NOVOTNY CATERING 	143 LEAR RD	AVON LAKE	OH	United States	440121904		
4409887100	CHURCH ST BAR & GRILL 	300 CHURCH ST	AMHERST	OH	United States	440012204		
4409304801	C DOW				United States			
4409305570	LEGACY CLUB 	750 JAYCOX RD	AVON LAKE	OH	United States	440122223		
2163419100	EAST COAST PIZZA 	4889 TURNEY RD	GARFIELD HEIGHTS	OH	United States	441252524		
2165248858	ROMITO S PIZZA WEST 	6474 BRECKSVILLE RD	INDEPENDENCE	OH	United States	441313432		
3309234233	SAMIRA S 	2291 RIVERFRONT PKWY	CUYAHOGA FALLS	OH	United States	442212580		
3307629131	CAPRI PIZZA 	810 W MARKET ST	AKRON	OH	United States	443031034		
3308363553	STACY'S CATERI IVAN OWNER	2927 W MARKET ST	FAIRLAWN	OH	United States	443333606		
4403681476							-60001	PhoneID Contact Data Not Found
2166423115	SUGARCREEK PIZZA 		BEACHWOOD	OH		44122		
2162262020	ALADDIN'S EATERY 	14518 DETROIT AVE	LAKEWOOD	OH	United States	441074317		
2167974897	ERIC SCHMITZ	861 E 222ND ST	EUCLID	OH	United States	441233314		
3304253435	RAV S CREEKSIDE TAVERN 	9224 DARROW RD	TWINSBURG	OH	United States	440871897		
2166964677	M GK OF OHIO 	2000 SYCAMORE ST	CLEVELAND	OH	United States	441132347		
2163825350	JACK S DELI & RESTAURANT 	14490 CEDAR RD	CLEVELAND	OH	United States	441213328		
4404989828	EAST COAST CUSTARD FRANCHISE CORP 	5235 FAIRFIELD OVAL	SOLON	OH	United States	441391272		
2165214600	CORNUCOPIA INC NATURE S BIN 	18120 SLOANE AVE	LAKEWOOD	OH	United States	441073108		
4405721546	JACQUELINE M PORTER	10790 GATE POST RD	STRONGSVILLE	OH	United States	441492114		
2165668100	GEOVANNI DELGADO	2087 BELVOIR BLVD APT 7	SOUTH EUCLID	OH	United States	441211243		
4409444664	PINE RIDGE COUNTRY CLUB 	30605 RIDGE RD	WICKLIFFE	OH	United States	440921165		
3306442338	UPPER DECK ANGULAR VELOCITY 	357 W TURKEYFOOT LAKE RD	AKRON	OH	United States	443194017		
4406024000	INDOOR LINKS AT LOST NATION SPORTS PARK 	38630 JET CENTER PL	WILLOUGHBY	OH	United States	440948174		
2164810450	RICHARD JEFFERSON	1491 E 204TH ST	EUCLID	OH	United States	441171401		
4403929490	GNZ INC 	2736 N RIDGE RD	PAINESVILLE	OH	United States	440774890		
2164473888	BISTRO AT FREEDOM SQUARE 	6000 FREEDOM SQUARE DR	INDEPENDENCE	OH	United States	441312577		
2168817312	AGORA THEATRE 		CLEVELAND	OH	United States	44103		
3309952333	CAFE TOSCANO 	215 W GARFIELD RD STE 170	AURORA	OH	United States	442028849		
2166227773	LUCKYS CAFE 	777 STARKWEATHER AVE	CLEVELAND	OH	United States	441134617		
2167717004	HOTZ CAFE 	2529 W 10TH ST	CLEVELAND	OH	United States	441134430		
2164204000	MORTIZ DOBBINS	2845 E 120TH ST	CLEVELAND	OH	United States	441202121		
2167377687	SOUPER MARKET INC 	2528 LORAIN AVE	CLEVELAND	OH		44113		
4402882051	JACKALOPE LAKESIDE 	301 LAKESIDE AVE	LORAIN	OH	United States	440522095		
4409748838	IMPERIAL DRAGON 	8310 TYLER BLVD	MENTOR	OH	United States	440604221		
4409467181	MULLARKEY S IRISH PUB 	4110 ERIE ST	WILLOUGHBY	OH	United States	440947807		
2162910400	PETE S TAVERN 	1318 WARRENSVILLE CENTER RD	CLEVELAND HEIGHTS	OH	United States	441212216		
2168615515	OLD ANGLE TAVERN THE 	1848 W 25TH ST	CLEVELAND	OH	United States	441133134		
4402559314	HOBNOBBER'S BAR & GRILL 	9047 MENTOR AVE	MENTOR	OH		44060		
2166212041	THOMAS BELL	819 JEFFERSON AVE	CLEVELAND	OH	United States	441134638		
3307985544	FLASH DANCE CABARET 	1467 E MARKET ST	AKRON	OH	United States	443054038		
2167817782	FLANNERY S PUB 	323 PROSPECT AVE E	CLEVELAND	OH	United States	441151016		
2163608688	TANG S WOK 	25780 MILES RD	BEDFORD HEIGHTS	OH	United States	441461417		
2165665400	MARIGOLD CATERING 	3901 LAKESIDE AVE E	CLEVELAND	OH	United States	441143846		
4402478595	TRIFLES CATERING 	8284 WASHINGTON ST	CHAGRIN FALLS	OH	United States	440234508		
3303423771	D AGNESE S TOMATO GRILL 	106 1 ST ST	HUDSON	OH	United States	442365384		
3307649888	SANTOSUOSSO S PIZZA PASTA VINO 	3725 MEDINA RD	MEDINA	OH	United States	442565300		
3308362806	SKYWAY DRIVE IN RESTAURANT 	2781 W MARKET ST	FAIRLAWN	OH	United States	443334235		
2166764300	REDDI S PIZZA & SPAGHETTI 	15523 SNOW RD	BROOK PARK	OH	United States	441422348		
4404391903	MEDITERRANEAN PARTY CENTER 	25021 ROCKSIDE RD	BEDFORD HEIGHTS	OH	United States	441461966		
4402374040	COUNTRY PARLOUR ICE CREAM CO 	12905 YORK DELTA DR	NORTH ROYALTON	OH	United States	441333537		
3307232853	MEDINA STEAK HOUSE & SALOON 	2503 BELMONT AVE	YOUNGSTOWN	OH	United States	445052406		
4409857429	MOOSEHEAD, BBQ GRILL 	7660 LEAVITT RD	AMHERST	OH	United States	440012704		
3307253322	MARIE S CAFE 	117 PUBLIC SQ	MEDINA	OH	United States	442562206		
4402561548	OLDE TOWNE 	7592 EUCLID CHARDON RD	KIRTLAND	OH	United States	440949417		
2167717130	LIGHT BISTRO 	2801 BRIDGE AVE	CLEVELAND	OH	United States	441133013		
2163573308	SHONDA HUNTER	2602 CEDAR AVE APT 191	CLEVELAND	OH	United States	441152996		
2162912446	HAPPY BUDDHA CAFE 	2173 S GREEN RD	CLEVELAND	OH	United States	441213313		
2167715652	LOLITA 	900 LITERARY RD	CLEVELAND	OH	United States	441134441		
3302969009	GUIDO S CATERING OF RAVENNA 	214 W MAIN ST	RAVENNA	OH	United States	442662714		
4409449300	GIUSEPPE S PIZZA INC 	30441 EUCLID AVE	WICKLIFFE	OH	United States	440921528		
4405823431	AMELIA HESTER				United States			
3306763663	ELDORADO S PIZZA PIE 	1331 S WATER ST	KENT	OH	United States	442403845		
3304252888	FRESH START DINER 	9810 RAVENNA RD	TWINSBURG	OH	United States	440871794		
4402554334	FONDUE RESTAURANT POTPOURRI 	8885 MENTOR AVE	MENTOR	OH	United States	440606211		
4409460003	EUCLID HYDRAULIC INC 	4540 BEIDLER RD	WILLOUGHBY	OH	United States	440944602		
3306668021	BRUBAKER S PUB 	4005 MEDINA RD	AKRON	OH	United States	443332464		
2163989365	CARMINO S PIZZA 	4728 PEARL RD	CLEVELAND	OH	United States	441095104		
3308723777	CAPIRANO S PIZZA & CATERING 	119 RIDGE RD STE C	NEWTON FALLS	OH	United States	444441261		
3306459959	ENTREPRENAIRE INC	470 PORTAGE LAKES DR STE 108	AKRON	OH	United States	443192295		
4408428227	ASTRO HEATING & TIGERAIR 		CLEVELAND	OH	United States	44129		
2167364242	HILARITIES 4TH STREET THEATRE 	2035 E 4TH ST	CLEVELAND	OH	United States	441151023		
4402321585	SANTOLI MICHAEL INSURANCE 	7601 FIRST PL	BEDFORD	OH		44146		
3302256806	BUZZARDS ROOST 	2736 CENTER RD	HINCKLEY	OH	United States	442339563		
3302258345	SKYVIEW LODGE 	336 PEARL RD	BRUNSWICK	OH	United States	442121120		
2169372288	THE SOUTH SIDE 	2207 W 11TH ST	CLEVELAND	OH	United States	441133605		
4408360043	STATION 43 	39910 AURORA RD	SOLON	OH	United States	441395230		
3305629171	MARIO S INTERNATIONAL SPAS & HOTELS CONFERENCE 	35 E GARFIELD RD	AURORA	OH	United States	442028801		
3308259923	HOPOCAN GARDENS 	4396 HOPOCAN AVENUE EXT	NORTON	OH	United States	442036799		
4402376040	VIVA MEXICO RESTAURANTE & CANTINA 	13570 RIDGE RD	NORTH ROYALTON	OH	United States	441333842		
3309220467	CATHEDRAL BUFFET AND BANQUET CENTER 	2690 STATE RD	CUYAHOGA FALLS	OH	United States	442231644		
3306732991	STODDARD S FROZEN CUSTARDS 	1321 W MAIN ST	KENT	OH	United States	442401939		
2165751919	JOHNNY MANGO 	3120 BRIDGE AVE	CLEVELAND	OH	United States	441133071		
3303768188	AKRON CITY OF 		AKRON	OH	United States	44301		
3306501883		49 VILLAGE WAY	HUDSON	OH	United States	442365377		
3303792233		274 N ADAMS ST	AKRON	OH	United States	443041449		
4407867400	QUILES AGENCY THE 	24748 AURORA RD	BEDFORD HEIGHTS	OH	United States	441461700		
2167719236	SOKOLOWSKI S UNIVERSITY INN 	1201 UNIVERSITY RD	CLEVELAND	OH	United States	441133642		
4403549530	HELLRIEGEL S INN 	1840 MENTOR AVE	PAINESVILLE	OH	United States	440771498		
2162521169	LUCHITA S MEXICAN RESTAURANT & LIQUOR 	3456 W 117TH ST	CLEVELAND	OH	United States	441113578		
2166615967	GUS S FAMILY RESTAURANT 	4377 STATE RD	CLEVELAND	OH	United States	441094159		
2167715322	ALVIES GATEWAY GRILLE 	2033 ONTARIO ST	CLEVELAND	OH	United States	441151028		
2166616500	CLEVELAND METROPARKS ZOO & THE RAINFOREST 	3900 WILDLIFE WAY	CLEVELAND	OH	United States	441093132		
2167499999	DIAMOND BILLIARDS 	8003 BROOKPARK RD	PARMA	OH	United States	441291115		
8005893420							-60001	PhoneID Contact Data Not Found
4405857700	VITTORIO S BUON APPETITO 	29664 EUCLID AVE	WICKLIFFE	OH	United States	440921829		
4402555488	PRIMOZZ PIZZA 	8887 MENTOR AVE	MENTOR	OH	United States	440606211		
4406365420	ARTHUR H SR SMITH	17305 MAYFIELD RD	WINDSOR	OH	United States	440999602		
4404398588	ASTORHURST PICNIC GROUNDS 	6980 DUNHAM RD	WALTON HILLS	OH	United States	441464163		
4409531088	NOOSA BISTRO 	7418 MENTOR AVE	MENTOR	OH	United States	440605406		
2166968888	NAUTICA QUEEN CRUISE DINING SHIP 	1153 MAIN AVE	CLEVELAND	OH	United States	441132324		
3307256830	MISS MOLLY S TEA ROOM & GIFT SHOP 	140 W WASHINGTON ST	MEDINA	OH	United States	442562262		
2165217675	CREATE A CAKE 	17114 DETROIT AVE	LAKEWOOD	OH	United States	441073623		
4409750202	WILLOUGHBY BREWING COMPANY LTD 	4057 ERIE ST	WILLOUGHBY	OH	United States	440947804		
4404425200	PENGUIN CLEARNERS 		EUCLID	OH		44132		
3302735090	R PM INTERNATIONAL INC CORPORATE HEADQUARTERS 	2628 PEARL RD	MEDINA	OH	United States	442567623		
2162673333	HARPOS SPORTS CAFE 		CLEVELAND	OH	United States	44135		
3302255576	MAPLESIDE FARMS 	262 PEARL RD	BRUNSWICK	OH	United States	442121118		
2168757000	WONTON GOURMET AND BBQ 	3211 PAYNE AVE	CLEVELAND	OH	United States	441144505		
4409140523	PANERA BREAD 	6130 KRUSE DR	SOLON	OH	United States	441392300		
2163288780	BUDAPEST BLONDE 	6901 ROCKSIDE RD STE 7	INDEPENDENCE	OH	United States	441312348		
3307450449	WHITE HOUSE CHICKEN 	180 WOOSTER RD N	BARBERTON	OH	United States	442032561		
4409515109	RONALD GENNERT	37488 STURBRIDGE LN	WILLOUGHBY	OH	United States	440946427		
2165249404	LOCKKEEPERS RESTAURANT 	8001 ROCKSIDE RD	CLEVELAND	OH	United States	44125		
4409741914	RUKO S FAMILY RESTAURANT 	9385 MENTOR AVE	MENTOR	OH	United States	440606413		
4402680811		8304 MANORFORD DR	CLEVELAND	OH	United States	441295309		
4408927760	CHARLES LEROY MASON	3401 CR APT 88C	DUNNIGAN	CA	United States	95937		
2168619914	ELAN CATERING INC	20785 MOREWOOD PKWY	ROCKY RIVER	OH	United States	441161461		
4402698000	DINO S RESTAURANT AND BANQUET CENTER 	4145 STATE ROUTE 306	WILLOUGHBY	OH	United States	440949269		
2164316665	A 1 USED RESTAURANT EQUIPMENT CO 	1970 E 55TH ST	CLEVELAND	OH	United States	441033647		
2166966968	FLAT IRON CAFE 	1114 CENTER ST	CLEVELAND	OH	United States	441132406		
3309233664	BLUE RIBBON RENTALS 	2680 STATE RD	CUYAHOGA FALLS	OH	United States	442231605		
4405824303	BERARDI S FRESH ROAST INC 	12029 ABBEY RD	NORTH ROYALTON	OH	United States	441332637		
3307853500	TAP HOUSE 	491 E WATERLOO RD	AKRON	OH	United States	443191241		
2162984451	TREEMONT TAP HOUSE & GRILL 	2572 SCRANTON RD	CLEVELAND	OH	United States	441134315		
3302531013	BUILDING 9 	945 S MAIN ST	AKRON	OH	United States	443112041		
3303366684	AMERICAN HEALTH CARE CENTERS 	200 SMOKERISE DR	WADSWORTH	OH	United States	442817401		
2162263699	MELT BAR & GRILLED 	14718 DETROIT AVE	LAKEWOOD	OH	United States	441074102		
4404170220	HIS MAJESTY S ON THE SQUARE 	63 W MAIN ST	MADISON	OH	United States	440573125		
8668941949							-60001	PhoneID Contact Data Not Found
4402483833	IMPERIAL WOK CHINESE RESTAURANT 	33825 AURORA RD	SOLON	OH	United States	441393711		
3306447373	COLE STATIC CONTROL 	3539 DORWIL CT	COVENTRY TOWNSHIP	OH		44319		
2163281998	CANDY COATED PERSONALIZED SWTS 	3972 ALLA DR	CLEVELAND	OH		44131		
2164431722	HOLIDAY INN EXPRESS HOTEL SUITES 		CLEVELAND	OH	United States	44115		
2165488617	MARY DEMOPOULOS	7240 BRAEWOOD DR	INDEPENDENCE	OH	United States	441315548		
4404280144	VA MARNELLA	2731 HUBBARD RD	MADISON	OH	United States	440572931		
3302256122	COPPERTOP AT CHEROKEE HILLS GOLF CLUB 	5740 CENTER RD	VALLEY CITY	OH	United States	442809746		
3305414052	DEBORAH A BARRY	3088 CROWN POINTE DR	STOW	OH	United States	442245477		
2162265200	PLAYERS ON MADISON 	14527 MADISON AVE	LAKEWOOD	OH	United States	441074326		
4409887404	HOT DOG HEAVEN 	493 CLEVELAND AVE	AMHERST	OH	United States	440011623		
2167813805	MODA NIGHTCLUB 	1869 W 25TH ST	CLEVELAND	OH	United States	441133406		
3308367662	ROCKNE S 	2914 W MARKET ST	FAIRLAWN	OH	United States	443333607		
2162717589							-60001	PhoneID Contact Data Not Found
3309239964	TOTALLY COOKED CATERING 	2730 FRONT ST	CUYAHOGA FALLS	OH	United States	442211969		
4409460383	FOOD FOR THOUGHT 		MENTOR	OH	United States	44060		
4407741978	FEVE THE 	30 S MAIN ST	OBERLIN	OH	United States	440741627		
2162528100	MARCO S PIZZA 	14121 LORAIN AVE	CLEVELAND	OH	United States	441113236		
3306572525	BRANDYWINE GOLF COURSE 	5555 AKRON PENINSULA RD	PENINSULA	OH	United States	442649528		
2165214467	DEMETRIUS JR WATKINS	3297 W 110TH ST APT 8	CLEVELAND	OH	United States	441112827		
2166853200	THIRSTY PARROT 	812 HURON RD E	CLEVELAND	OH	United States	441151123		
4403229254	BRENTWOOD GOLF CLUB 	12415 GRAFTON RD	GRAFTON	OH	United States	440441051		
3302733985	DOUGLAS GRAHAM	872 W 130TH ST	BRUNSWICK	OH	United States	442122398		
4403544040	REDHAWK GRILLE THE 	7481 AUBURN RD	PAINESVILLE	OH	United States	440779703		
4403522649	CONCORD PIZZA 	9942 JOHNNYCAKE RIDGE RD	PAINESVILLE	OH	United States	440772184		
3309233987	FRENCH COFFEE SHOP 	1911 BAILEY RD	CUYAHOGA FALLS	OH	United States	442214311		
3302743336	MCDONALD S RESTAURANT 	10637 MAIN ST	MANTUA	OH	United States	442559636		
2165668840	MERCURY LOUNGE THE 	1392 W 6TH ST	CLEVELAND	OH		44113		
2167714386	GREAT LAKES JET SKI & BOAT RENTAL 	1148 MAIN AVE	CLEVELAND	OH	United States	441132345		
2163572997	JESSICA GULISH	3714 LIBRARY AVE UNIT DOWN	CLEVELAND	OH	United States	441092240		
2162418463	DVINE WINE BAR	137 REGENT CT	BROADVIEW HEIGHTS	OH	United States	441473093		
2166218887	HARRY BUFFALO 	2120 E 4TH ST	CLEVELAND	OH	United States	441151004		
4403544475	SILVESTRO'S DEPOT CAFE 	470 RAILROAD ST	PAINESVILLE	OH		44077		
2164580514	WEST 6TH GRILL 	1266 W 6TH ST	CLEVELAND	OH	United States	441131330		
3302969483	ITALIAN AMERICAN SOCIETY 	644 S CHESTNUT ST	RAVENNA	OH	United States	442663035		
4402854116	JEFFERY COOPER	209 CENTER ST	CHARDON	OH	United States	440241189		
2163824610	BLACK FOREST 	4360 MAYFIELD RD	SOUTH EUCLID	OH	United States	441213608		
3306349900	ERIE STATION GRILLE 	70 EAST AVE	TALLMADGE	OH	United States	442782351		
2169615151	CLEVELAND MOTORCYCLE MANUFACTURING CO 	4327 LORAIN AVE	CLEVELAND	OH	United States	441133716		
3308963396	BELGRADE GARDENS SOUTH INC 	3476 MASSILLON RD	UNIONTOWN	OH	United States	446857825		
4405853257	DAKS 	30322 EUCLID AVE	WICKLIFFE	OH	United States	440921527		
3302250927	BIANCA S ITALIAN RISTORANTE 	4284 BEVERLY HILLS DR	BRUNSWICK	OH	United States	442121650		
3302531511	MARY COYLE ICE CREAM 	780 W MARKET ST	AKRON	OH	United States	443031048		
2168813663	CREATIVE CONCEPTS IN CATERING 	13714 LARCHMERE BLVD	SHAKER HEIGHTS	OH	United States	441201348		
2166716220	BRAUMEISTER DER RESTAURANT & DELI 		CLEVELAND	OH	United States	44101		
3303250647	DUSTY ARMADILLO THE 	3147 STATE ROUTE 44	ROOTSTOWN	OH	United States	442729685		
3309260751	CHRISTAI AZAR	1023 LEIGHTON AVE	CUYAHOGA FLS	OH	United States	442212454		
3306482520	WHITE ELEPHANT SALOON 	209 N MAIN ST	SPENCER	OH	United States	442759759		
2164470202	JOHN JR KRAFCIK	12419 INDIAN MOUND RD	VALLEY VIEW	OH	United States	441255718		
4409750686	E POWER SOLUTIONS INC 	7547 MENTOR AVE STE 202	MENTOR	OH	United States	440605432		
8002959091							-60001	PhoneID Contact Data Not Found
3306688478	ROBERT SABLE	509 MISTY LN	AKRON	OH	United States	443213033		
4402556935	KRISTIN WAGNER	7181 BUCHANAN CT	MENTOR	OH	United States	440604808		
3309236183	MICHAEL MODUGNO	1133 N HOWARD ST	AKRON	OH	United States	443101065		
2166621383	KIT L NIX	11702 CROFTON RD	CLEVELAND	OH	United States	441253522		
3308649490	WILLIAM D JR WISE	506 DICKEMERY DR	AKRON	OH	United States	443031609		
3306081136	AARON J VANDERLIN	769 KNOLLWOOD DR	UNIONTOWN	OH	United States	446859615		
4402480991	ROBERT KLATT	34376 AURORA RD	SOLON	OH	United States	441393805		
2164311060	DUNHAM TAVERN MUSEUM 	6709 EUCLID AVE	CLEVELAND	OH	United States	441033913		
2167410192	UGLY BROAD TAVERN 	3908 DENISON AVE	CLEVELAND	OH		44109		
3306451134	THIRSTY GATOR DRIVE THRU 	3727 MANCHESTER RD	AKRON	OH	United States	443192107		
3302539336	RAY S PUB 	816 W MARKET ST	AKRON	OH	United States	443031034		
3302735750	BRUNSWICK SKATE STATION 	1261 INDUSTRIAL PKWY N	BRUNSWICK	OH	United States	442124310		
3307249450	SHERRITY GONZALEZ	1827 CANFIELD AVE	AKRON	OH	United States	443013109		
3306448343	HOWIE S ON THE LAKE 	4856 COLEMAN DR	AKRON	OH	United States	443194324		
2164819509	CEBARS TAVERN 	595 E 185TH ST	EUCLID	OH	United States	441191673		
3304251277	YOUR FIREPLACE SHOP 	10858 RAVENNA RD	TWINSBURG	OH	United States	440871058		
3309234700	FUNNY STOP COMEDY CLUB 	1767 STATE RD	CUYAHOGA FALLS	OH	United States	442231305		
3302971000	SICILIANO S PIZZARIA RAVENNA 	974 E MAIN ST	RAVENNA	OH	United States	442663326		
2164017288	MIRMAL GANDA	27320 CANNON RD	CLEVELAND	OH	United States	441391524		
4407752511	PRESTI S OF OBERLIN 	551 W LORAIN ST	OBERLIN	OH	United States	440741003		
4405854800	MISTER CHICKEN FRANCHISE OFFICE 		WICKLIFFE	OH	United States	44092		
4403491678	JIM S OPEN KITCHEN 	33779 AURORA RD	SOLON	OH	United States	441393709		
4405822000	TONIGHT TONIGHT PARTY CENTER & NIGHT CLUB 	7375 ROYALTON RD	NORTH ROYALTON	OH	United States	441334822		
4409655551	ROSE BATOR	14240 BAIRD RD	OBERLIN	OH	United States	440749667		
4409750588	TED J STEPIEN	2641 RIVER RD	WILLOUGHBY	OH	United States	440949401		